code,url,created_t,product_name,generic_name,quantity,packaging,brands,categories,labels,origins,countries,stores,ingredients_text,serving_size,nutriscore_grade,nova_group,energy-kcal_100g,fat_100g,sugars_100g,proteins_100g,salt_100g,main_category_en,image_url,last_modified_t
1202312159,http://world-en.openfoodfacts.org/product/0001202312159/spicy-szechuan-noodles,1666786806,Spicy Szechuan noodles,,,,,,,,en:gb,,,,unknown,,124.0,5.3,3.9,5.3,0.62,,https://images.openfoodfacts.org/images/products/000/120/231/2159/front_en.3.400.jpg,1774651671
1001,http://world-en.openfoodfacts.org/product/00001001/pasta-grappa,1537766416,pasta,,3000ml,,Grappa,"Beverages and beverages preparations, Beverages",,,"Frankreich, Germany",,,,c,,166.0,6.4,1.9,6.7,0.0009,Beverages,https://images.openfoodfacts.org/images/products/000/000/000/1001/front_en.6.400.jpg,1774322089
1104000300,http://world-en.openfoodfacts.org/product/0001104000300/gelee-de-groseille,1576831370,Gelée de groseille,,,,,"Aliments et boissons à base de végétaux, Aliments d'origine végétale, Petit-déjeuners, Produits à tartiner, Pâtes à tartiner végétales, Produits à tartiner sucrés, Confitures et marmelades, Gelées de fruits, Gelées de groseilles",Sans conservateurs,,en:fr,,,,unknown,,,,,,0.0,Redcurrants jellies,https://images.openfoodfacts.org/images/products/000/110/400/0300/front_fr.3.400.jpg,1773970196
1000568647,http://world-en.openfoodfacts.org/product/0001000568647/riz-au-lait-a-la-vanille,1634984900,Riz au lait à la vanille,,425 g,,,,Sans conservateurs,,en:fr,,,,unknown,,110.0,2.7,10.0,3.4,0.4975,,https://images.openfoodfacts.org/images/products/000/100/056/8647/front_fr.3.400.jpg,1774544746
1549101623,http://world-en.openfoodfacts.org/product/0001549101623/chicken-salad-croissant,1655375660,Chicken salad croissant,,,,,,,,en:us,,,,unknown,,,,,,,,https://images.openfoodfacts.org/images/products/000/154/910/1623/front_en.3.400.jpg,1655375662
790320128,http://world-en.openfoodfacts.org/product/0000790320128/mixed-berries-fruit-snacks,1587639367,Mixed berries fruit snacks,,,,,"Snacks, Sweet snacks, Confectioneries",,,United States,,"Corn syrup, sugar, water, apple juice concentrate, modified food starch (corn), gelatin, dextrose, apple puree, citric acid, natural & artificial flavor, ascorbic acid (vitamin c), mineral oil, carnauba wax, artificial colors (fd&c red 40, blue 1).",16 PIECES (40 g),d,4.0,,,,,,Confectioneries,,1587639367
220411050,http://world-en.openfoodfacts.org/product/0000220411050/crema-de-calabacin-select-chef,1650800673,Crema de calabacin select chef,,,,,,,,en:es,,,,unknown,,29.0,13.0,0.6,0.8,0.2,,https://images.openfoodfacts.org/images/products/000/022/041/1050/front_es.3.400.jpg,1774669047
1000008706,http://world-en.openfoodfacts.org/product/0001000008706/huile-d-olive-monini,1484406421,Huile d'olive Monini,,1 l.,,,,,,France,,,,unknown,,,,,,,,,1485202091
1000685602,http://world-en.openfoodfacts.org/product/0001000685602/cereal-krackers,1640785275,Cereal krackers,,6 x 35 g,,,,,,en:fr,,,,unknown,,477.0,15.0,3.8,7.0,1.7,,https://images.openfoodfacts.org/images/products/000/100/068/5602/front_fr.3.400.jpg,1774544750
202001075,http://world-en.openfoodfacts.org/product/0000202001075/lemon-vitamin-water-glaceau,1657562722,Lemon Vitamin water,,,,Glaceau,,,,en:Ireland,,,1.0g,unknown,,,,,,,,,1775141822
1404501216,http://world-en.openfoodfacts.org/product/0001404501216/peanut-butter-creme-filled-cookies-benton-s,1770337606,Peanut Butter Creme Filled Cookies,,,,Benton's,,,,en:United States,,,,unknown,,,,,,,,,1770337606
1580,http://world-en.openfoodfacts.org/product/00001580/meal-shake-wonderslim,1661224366,Meal Shake,,,,WonderSlim,,,,en:Ireland,,,28.0g,unknown,,100.0,1.5,3.0,15.0,,,,1775141477
1000975169,http://world-en.openfoodfacts.org/product/0001000975169/croissants,1651762313,Croissants,,,fr:Caisse,,,,,en:france,,,,unknown,,360.0,19.0,5.8,7.2,,,https://images.openfoodfacts.org/images/products/000/100/097/5169/front_fr.3.400.jpg,1774544757
420546959,http://world-en.openfoodfacts.org/product/0000420546959/bizcochada,1615321045,Bizcochada,,,,,,,,en:es,,,,unknown,,341.0,4.3,38.6,6.6,0.0,,https://images.openfoodfacts.org/images/products/000/042/054/6959/front_es.3.400.jpg,1774655278
1541801162,http://world-en.openfoodfacts.org/product/0001541801162/chopped-black-olives,1746252445,Chopped Black Olives,,2 Tbsp,,,"Snacks, Salty snacks",,,"United States, World",,"Chopped Ripe Olives, Water, Salt, Ferrous Gluconate (Color Stabilizer).",2 Tbsp (15 g),d,3.0,,,,,,Salty snacks,,1746252446
1246297036,http://world-en.openfoodfacts.org/product/0001246297036/giusti-incontri-frollini-gocce-cioccolato,1679337922,Giusti incontri frollini gocce cioccolato,,,,,,,,en:it,,,,unknown,,450.0,16.0,28.0,8.5,0.55,,https://images.openfoodfacts.org/images/products/000/124/629/7036/front_it.3.400.jpg,1774922658
976017335,http://world-en.openfoodfacts.org/product/0000976017335/energy-crisp-crunchy-bar,1675274863,Energy Crisp crunchy bar,,,,,,,,en:it,,,,unknown,,383.0,3.3,53.0,3.8,0.1,,https://images.openfoodfacts.org/images/products/000/097/601/7335/front_it.3.400.jpg,1774922565
7032,http://world-en.openfoodfacts.org/product/00007032/caldo-de-pollo-hacendado,1662026511,Caldo de pollo,,,,Hacendado,,"Sin gluten, Sin conservantes, Sin colorantes",,en:es,Mercadona,,,unknown,,5.0,0.5,0.5,0.5,0.71,,https://images.openfoodfacts.org/images/products/000/000/000/7032/front_es.3.400.jpg,1774669032
1002748868,http://world-en.openfoodfacts.org/product/0001002748868/ananas-congele,1721927640,Ananas congelé,,,,,,,,en:fr,,,,unknown,,,,,,,,https://images.openfoodfacts.org/images/products/000/100/274/8868/front_fr.3.400.jpg,1728041194
946903632,http://world-en.openfoodfacts.org/product/0000946903632/butter-powder-augason-farms,1627236866,Butter Powder,,1.02kg,,Augason Farms,en:butters,"100% natural,No gluten",United States,"Ireland, Germany",,"Butter, nonfat milk, INS 307, INS 304",6g,e,2.0,583.333333333333,53.3333333333333,16.6666666666667,0.0,1.25,Butters,https://images.openfoodfacts.org/images/products/000/094/690/3632/front_en.14.400.jpg,1774505496
520010180,http://world-en.openfoodfacts.org/product/0000520010180/koroneiki-terra-creta,1610026212,koroneiki,,,,Terra Creta,,,,en:france,,,,unknown,,,,,,,,,1728052992
1500170833,http://world-en.openfoodfacts.org/product/0001500170833/sparkling-water-beverage-kiwi-strawberry-western-family,1489136639,"Sparkling water beverage, kiwi strawberry",,,,Western Family,"Beverages, Waters",,,United States,,"Carbonated water, kiwi juice from concentrate, natural flavor, citric acid, potassium benzoate and potassium sorbate (preservatives), sucralose, gum acacia, green tea, ester gum, magnesium sulfate, calcium chloride, calcium disodium edta (to protect flavor), niacinamide (vitamin b3), d-calcium pantothenate (vitamin b5), yellow 5, pyridoxine hydrochloride (vitamin b6), blue 1, biotin, cholecalciferol (vitamin d3), cyanocobalamin (vitamin b12).",8 OZA (240 ml),c,4.0,,,,,,Waters,,1728036854
100000192,http://world-en.openfoodfacts.org/product/0000100000192/organic-coconut-oil-ciuti,1718833900,Organic Coconut Oil,,,,Ciuti,,"Organic, No GMOs, Non GMO project",,World,,,,unknown,,,,,,,,,1728358934
946111099,http://world-en.openfoodfacts.org/product/0000946111099/freeze-dried-sliced-strawberries-augason-farms,1587642500,Freeze-dried sliced strawberries,,,,Augason Farms,Snacks,,,United States,,Sliced freeze-dried strawberries.,0.5 cup (10 g),unknown,1.0,,,,,,Snacks,,1758252328
1003502241,http://world-en.openfoodfacts.org/product/0001003502241/oeuf-chocolat-pistache-baratti-milano,1716467275,Œuf chocolat pistache,,,,Baratti & Milano,,,,us,,,100.0g,unknown,,,,,,,,https://images.openfoodfacts.org/images/products/000/100/350/2241/front_en.3.400.jpg,1728041268
18289,http://world-en.openfoodfacts.org/product/00018289/antioxidant-mix-berries-chocolate-sunridge,1489055654,Antioxidant Mix - Berries & Chocolate,,,,Sunridge,,,,United States,,"Chocolate stars (dehydrated cane juice, sweetened chocolate, cocoa butter, soy lecithin [an emulsifier], natural vanilla), roasted peanuts (peanuts, safflower, peanut, and/or canola oil, salt), dry roasted almonds (almonds, sea salt), dry roasted cashews (cashews, sea salt), dried cranberries (cranberries, evaporated cane juice, sunflower oil), dried cherries, walnuts, dried blueberries (blueberries, evaporated cane juice, sunflower oil).",30 g (0.25 cup),unknown,4.0,,,,,,,,1729240687
1459557442,http://world-en.openfoodfacts.org/product/0001459557442/apfel-mango-kokos-maracuja-bio-mamia,1755175836,Apfel-Mango-Kokos-Maracuja,,100g,,Bio Mamia,en:compotes,en:eu-organic,,en:germany,,"Apfelmark* (67%), Mangomark* (24%), Kokosmilch* (Kokosfruchtfleisch*, Wasser) (7,5 %), Maracujasaft* (1,5 %). *aus kontrolliert biologischem Anbau Gebrauchshinweise: Vor dem Öffnen gut kneten. Für zwischendurch oder als Nach - speise. Verzehrfertig. Bitte mit dem Löffel füttern. Bereits geöffnete Packung kann im Kühlschrank aufbewahrt und Reste inner - halb von 24 Stunden verzehrt werden. Wichtige Hinweise:",,a,,66.0,1.8,10.0,0.5,0.0,Compotes,https://images.openfoodfacts.org/images/products/000/145/955/7442/front_de.3.400.jpg,1774557443
390101703,http://world-en.openfoodfacts.org/product/0000390101703/protein-shake-isagenix,1714666176,Protein Shake,,,,Isagenix,,,,en:Ireland,,,15.0g,unknown,,280.0,4.0,,36.0,,,,1775141870
5398,http://world-en.openfoodfacts.org/product/00005398/vitobest-diet-meal-complete,1720604828,Vitobest diet meal complete,,,,Vitobest,,,,en:Ireland,,,50.0g,unknown,,202.0,4.5,7.0,18.0,,,https://images.openfoodfacts.org/images/products/000/000/000/5398/front_en.5.400.jpg,1775141892
201801370,http://world-en.openfoodfacts.org/product/0000201801370/fanta-orange,1625174436,Fanta orange,,,,Fanta,,,,en:Ireland,,,222.0g,unknown,,45.045045045045,,12.1621621621622,,,,,1775141819
166654555,http://world-en.openfoodfacts.org/product/0000166654555/skillet,1757199400,skillet,,,,,,,,en:United States,,"red skin potatoes, apples (apples, contains 2% or less of: water, ascorbic acid, citric ack, salt), water, honey granola (whole grain oats, brown sugar, soybean oil, honey, natural flavors), scrambled eggs (whole eggs, nonfat milk, skim milk, soybean oil, corn starch, food starch modified, sat, xanthan gum, citric acid, butter flavoring (maltodextrin, natural butter flavor, annatto, turmeric (color), white pepper), taco filling (beef, water, textured vegetable protein (soy flour, caramel color], seasoning (spices, salt, dehydrated onions, sugar, dried vinegar, flavoring], textured soy protein concentrate), cheddar cheese (pasteurized milk, cheese cultures, salt, enzymes, color added (annatto), natamycin (a natural mold inhibitor]), tomatoes (tomatoes, citric acid), dried cranberries (cranberries, sucrose, sunflower oil), applesauce (apples, water, cultured sugar), contains 2% or less of: brown sugar, lemon juice (filtered water, lemon juice concentrate, sodium bisulfite (preservative]. sodium benzoate (preservative], lemon oil), chicken broth (water, chicken base [roasted chicken, sugar, chicken fat, tapioca dextrin, hydrolyzed corn protein, onion powder, potassium chloride, yeast extract, garlic powder, maltodextrin, disodium inosinate, disodium guanylate, salt, turmeric {color}, natural flavors, lactic acid, calcium lactate]), canola oil, maltodextrin, food starch-modified, nutrient blend (magnesium citrate, calcium citrate, maltodextrin, ascorbic acid [vitamin c], contains 1% or less of ferrous fumarate, zinc oxide, pyridoxine hci [vitamin b6], thiamine mononitrate [vitamin b1]), tomato paste (tomato, citric acid), cultured dextrose, chili powder (spices, salt, garlic powder), dehydrated garlic, lime juice powder (ip maltodextrin, lime juice solids), cinnamon, xanthan gum, guar gum, cumin, iodized saft, dehydrated onion, nutmeg, jalapeno pepper. contains: soy, milk, egg. total fat 11 g saturated fat trans fat 0 cholesterol 4 sodium 280 total carboh dietary fibe total sugar includes 11 protein 11 vitamin d o",,unknown,4.0,,,,,,,,1757199436
520002997,http://world-en.openfoodfacts.org/product/0000520002997/sweet-bread,1587675881,Sweet bread,,,,,"Plant-based foods and beverages, Plant-based foods, Cereals and potatoes, Breads",,,United States,,Hig gluten flour bleachead whear flour whole milk eggs suggar margarine vegetable oils salt food color,,unknown,,,,,,,Breads,,1772123168
2000001735,http://world-en.openfoodfacts.org/product/0002000001735/falafels-carotte-eet-coriandre,1770284739,Falafels carotte eet coriandre,,,,,,,,en:fr,,,,unknown,,,,,,,,https://images.openfoodfacts.org/images/products/000/200/000/1735/front_fr.3.400.jpg,1770284741
290520073,http://world-en.openfoodfacts.org/product/0000290520073/ottogi-bread-crumbs,1741126777,OTTOGI BREAD CRUMBS,,1kg,,,,,,en:russia,,,,unknown,,,,,,,,https://images.openfoodfacts.org/images/products/000/029/052/0073/front_ru.3.400.jpg,1741126791
1121308548,http://world-en.openfoodfacts.org/product/0001121308548/red-wine-vinegar,1587643754,Red wine vinegar,,,,,"Condiments, Sauces, Groceries",,,United States,,"Red wine vinegar (diluted with water to 6% acidity), potassium metabisulfite (a preservative).",1 Tbsp (15 ml),a,3.0,,,,,,Groceries,,1728036427
257436571,http://world-en.openfoodfacts.org/product/0000257436571/hafermilch-oatly,1704672398,Hafermilch,,500ml,,Oatly,"Getränke und Getränkezubereitungen, Pflanzliche Lebensmittel und Getränke, Getränke, Pflanzliche Lebensmittel, Getreide und Kartoffeln, en:Dairy substitutes, Getreideprodukte, Milchersatz, Pflanzliche Getränke, Pflanzenmilch, Getreidemilch, Hafermilch",,,Deutschland,,,,c,,46.0,1.5,4.1,1.0,0.1,Oat-based drinks,,1774549370
1003254817,http://world-en.openfoodfacts.org/product/0001003254817/croissants-jambon-fromage,1716638331,Croissants jambon fromage,,,,,,,,en:fr,,,,unknown,,309.0,16.8,3.5,9.4,1.19,,https://images.openfoodfacts.org/images/products/000/100/325/4817/front_fr.3.400.jpg,1774544816
4270,http://world-en.openfoodfacts.org/product/00004270/salo-na-sawtrak-lackmann,1727179597,Salo na sawtrak,,g,,"Lackmann, lakmann",,,,en:germany,,,,unknown,,,,,,,,https://images.openfoodfacts.org/images/products/000/000/000/4270/front_de.3.400.jpg,1741805368
1004771752,http://world-en.openfoodfacts.org/product/0001004771752/couque-au-beurre,1765545818,Couque au beurre,,,,,,,,en:fr,,,,unknown,,354.0,20.3,5.4,7.3,1.0,,https://images.openfoodfacts.org/images/products/000/100/477/1752/front_fr.3.400.jpg,1774562486
202300493,http://world-en.openfoodfacts.org/product/0000202300493/french-vanilla-dunkin-donuts,1746388866,French vanilla,,,,Dunkin' Donuts,Calories,,,en:United States,,,0g,unknown,,,,,,,Calories,,1746388902
685877812,http://world-en.openfoodfacts.org/product/0000685877812/riccoriso,1658568382,Riccoriso,,,,,,,,en:it,,,,unknown,,355.0,1.5,1.2,8.2,0.0,,https://images.openfoodfacts.org/images/products/000/068/587/7812/front_it.3.400.jpg,1774915138
17914,http://world-en.openfoodfacts.org/product/00017914/turmeric-and-black-pepper-smug-supplements,1642597843,Turmeric and Black Pepper,,100 tablets,Plastic,Smug Supplements,Dietary supplements,,United Kingdom,en:Ireland,,"Turmeric Curcumin 43mg (95% Curcuminoids) 35:1 Concentrated Extract (Equivalent to 1505mg Raw Herb), Providing 41mg of Curcuminoids. Black Pepper 10mg (Piper Nigrum) 10:1 Concentrated Extract (Equivalent to 100mg of Raw Herb), Microcrystalline Cellulose, Magnesium Stearate.",,not-applicable,4.0,,,,,,Dietary supplements,https://images.openfoodfacts.org/images/products/000/000/001/7914/front_en.4.400.jpg,1775141494
6497,http://world-en.openfoodfacts.org/product/00006497/zucchini,1743923954,Zucchini,,,,,,,,en:germany,,,,unknown,,,,,,,,https://images.openfoodfacts.org/images/products/000/000/000/6497/front_de.3.400.jpg,1743958579
669,http://world-en.openfoodfacts.org/product/00000669/original-schwabische-schupfnudeln-bofrost,1535993103,Original schwäbische Schupfnudeln,,1000 g,Tüte,bofrost,"Fertiggerichte, Nudelgerichte",,,"Frankreich,Deutschland",,,,unknown,,,,,,,Pasta dishes,https://images.openfoodfacts.org/images/products/invalid/front_de.6.400.jpg,1728655986
1344066653,http://world-en.openfoodfacts.org/product/0001344066653/sardines-a-l-huile-d-olive-parmentier,1655294894,Sardines à l’huile d’olive,,,,Parmentier,,,,us,,,95.0g,unknown,,,,,,,,,1655294894
7330,http://world-en.openfoodfacts.org/product/00007330/filet-de-saumon-sauce-suchet-et-riz-pilaf-powermeals,1642065340,Filet de saumon sauce suchet et riz pilaf,,,,PowerMeals,,,,en:Ireland,,,395.0g,unknown,,156.455696202532,5.67088607594937,1.9746835443038,6.55696202531646,,,,1775141748
1003208052,http://world-en.openfoodfacts.org/product/0001003208052/farine-de-coco,1712759672,Farine de coco,,300 g,,,en:dried-coconut-flour,,,en:fr,,,,d,,356.0,12.7,19.9,21.4,0.15,Dried coconut flour,https://images.openfoodfacts.org/images/products/000/100/320/8052/front_fr.3.400.jpg,1774544815
1121301949,http://world-en.openfoodfacts.org/product/0001121301949/relish-sweet,1587643497,"Relish, sweet",,,,,Salted snacks,,,United States,,"Cucumbers, high fructose corn syrup, vinegar, water, salt, lactic acid, calcium chloride, xanthan gum, guar gum, sodium benzoate (preservative), spice, dehydrated red bell pepper, alum, polysorbate 80, natural flavor, yellow 5, blue 1.",1 Tbsp (15 g),d,4.0,,,,,,Salted-snacks,,1728036406
390103500,http://world-en.openfoodfacts.org/product/0000390103500/isalean-shake-vanille-francaise-isagenix,1728746120,Isalean shake vanille française,,,,Isagenix,,,,CA,,,58.0g,unknown,,414.31036,8.62069,17.241379,41.37931,0.775862125,,,1775067732
1362,http://world-en.openfoodfacts.org/product/00001362/mure,1772781490,Mûre,,250 g,,,,en:organic,,en:fr,,,,unknown,,,,,,,,https://images.openfoodfacts.org/images/products/000/000/000/1362/front_fr.3.400.jpg,1772781526
976335570,http://world-en.openfoodfacts.org/product/0000976335570/active-dren-frutti-di-bosco,1626896710,Active Dren Frutti di Bosco,,,,,,,,en:it,,,,unknown,,,,,,,,https://images.openfoodfacts.org/images/products/000/097/633/5570/front_it.3.400.jpg,1728028675
2073,http://world-en.openfoodfacts.org/product/00002073/pain-au-chocolat-pur-beurre,1586345874,Pain au chocolat pur beurre,,,,,"Snacks, Snacks sucrés, Viennoiseries, Pains au chocolat",,,en:fr,,,,unknown,,,,,,,Chocolate croissant,https://images.openfoodfacts.org/images/products/000/000/000/2073/front_fr.3.400.jpg,1586346377
659416900,http://world-en.openfoodfacts.org/product/0000659416900/dark-chocolate-chips-trader-joe-s,1730425449,Dark Chocolate Chips,,,,Trader Joe's,,,,en:united-states,,"unsweetened chocolate, allulose, cocoa butter",30g,unknown,,,,,,,,https://images.openfoodfacts.org/images/products/000/065/941/6900/front_en.3.400.jpg,1730425463
1007629150,http://world-en.openfoodfacts.org/product/0001007629150/sweet-cream-coffee-jocko-molk,1728158725,Sweet Cream Coffee,,,,Jocko Mölk,,,,en:United States,,,1 carton (330 ml),unknown,,,,,,,,https://images.openfoodfacts.org/images/products/000/100/762/9150/front_en.6.400.jpg,1730535368
980285858,http://world-en.openfoodfacts.org/product/0000980285858/barretta,1616831289,Barretta,,,,,,,,en:it,,,,unknown,,,,,,,,https://images.openfoodfacts.org/images/products/000/098/028/5858/front_it.3.400.jpg,1728028617
316406073,http://world-en.openfoodfacts.org/product/0000316406073/tartinable-de-poulet-simon,1614522410,Tartinable de poulet,,,,SIMON,,,,en:france,,,,unknown,,,,,,,,,1728049091
345324212,http://world-en.openfoodfacts.org/product/0000345324212/neapolitaner,1730918129,Neapolitaner,,,,,,,,us,,,75.0g,unknown,,,,,,,,,1730918129
1121325606,http://world-en.openfoodfacts.org/product/0001121325606/peanuts-butter-toffee-spartan,1489135230,"Peanuts, butter toffee",,,,Spartan,"Snacks, Sweet snacks, Confectioneries",,,United States,,"Sugar, peanuts, butter* (cream [milk], salt), salt, peanut and/or canola and/or cottonseed oil, artificial flavor (vanillin).",1 ONZ (28 g),e,4.0,,,,,,Confectioneries,,1728036433
128150224,http://world-en.openfoodfacts.org/product/0000128150224/chocolate-brownie-cliff-bar,1714420160,Chocolate Brownie,,,,Cliff Bar,,,,us,,,28.0g,unknown,,,,,,,,https://images.openfoodfacts.org/images/products/000/012/815/0224/front_en.3.400.jpg,1728042454
4167,http://world-en.openfoodfacts.org/product/00004167/chocolat-bellanger,1681904605,Chocolat Bellanger,,110 g,,,,,,en:fr,,,,unknown,,596.0,43.13,34.87,6.72,,,https://images.openfoodfacts.org/images/products/000/000/000/4167/front_fr.3.400.jpg,1774544731
238624000,http://world-en.openfoodfacts.org/product/0000238624000/pringles-bbq-mini-can,1776027169,Pringles BBQ mini can,,,,,,,,en:United States,,,,unknown,,512.0,30.77,5.13,5.13,1.21795,,https://images.openfoodfacts.org/images/products/000/023/862/4000/front_en.3.400.jpg,1776027173
390102638,http://world-en.openfoodfacts.org/product/0000390102638/isalean-whole-blend-pumpkin-spice-latte,1634402917,Isalean whole blend pumpkin spice latte,,,,,,,,en:us,,,,unknown,,,,,,,,https://images.openfoodfacts.org/images/products/000/039/010/2638/front_en.3.400.jpg,1728050704
800100125,http://world-en.openfoodfacts.org/product/0000800100125/cuori-di-carciofo,1630851662,Cuori di carciofo,,,,,,Senza conservanti,,Italy,,,,unknown,,177.0,11.0,5.7,8.6,2.0,,https://images.openfoodfacts.org/images/products/000/080/010/0125/front_it.3.400.jpg,1774922688
9575,http://world-en.openfoodfacts.org/product/00009575/kurkuma-azafran,1698835309,Kurkuma,,1pcs,,Azafran,,,,en:germany,,,,unknown,,,,,,,,,1728034904
15370,http://world-en.openfoodfacts.org/product/00015370/bagnat-fraicheur-crous-languedoc,1583143909,Bagnat Fraîcheur,,215 g,,"Crous Languedoc, Crous Resto'",Pain Bagnat,"Nutriscore, Nutriscore B",,France,,"PAIN BAGNAT aux poivrons 55,8% : Farine de BLE, eau, huile d'olive, poivrons rouges et poivrons grillés 4%, levure, sel, émulsifiants : E472e, antioxydant : acide ascorbique E300, acidifiant acide citrique E330, enzymes : xynalase. Garniture 44,2% : Tomate 52,6%, carottes râpées 21,1% salade mesclun 10,5%, oignons frits 10,5% (oignions 76%, huile de palme, farine de BLE, sel), guacamole 5,3% (avocat Hass 95,2%, poivron rouge, sel, piment jalapeno, antioxygène : acide ascorbique oignon, épaississant : gomme de xanthane, acidifiant ascorbate de sodium, ail, acidifiant : acide citrique, coriandre). (% exprimés sur la garniture)",215 g,c,4.0,178.0,4.5,3.6,4.6,0.7,fr:pain-bagnat,https://images.openfoodfacts.org/images/products/000/000/001/5370/front_fr.3.400.jpg,1773890087
1366802440,http://world-en.openfoodfacts.org/product/0001366802440/crunchy-peanut-butter-mississippi-belle,1582268087,Crunchy Peanut Butter,,510,,Mississippi Belle,"Plant-based foods and beverages, Plant-based foods, Legumes and their products, Spreads, Nuts and their products, Plant-based spreads, Oilseed purees, Legume butters, Nut butters, Peanut butters, Crunchy peanut butters","No gluten, Vegetarian, Vegan, No lactose",,en:France,,,,unknown,,,,,,,Crunchy peanut butters,https://images.openfoodfacts.org/images/products/000/136/680/2440/front_fr.3.400.jpg,1728042661
4556,http://world-en.openfoodfacts.org/product/00004556/green-cabbage-none,1719530291,Green Cabbage,,,,,"Plant-based foods and beverages,Plant-based foods,Fruits and vegetables based foods,Vegetables based foods,Vegetables,Leaf vegetables",,,Canada,,,100 g,unknown,,24.0,0.0,,2.0,,Leaf vegetables,,1775067610
195237007,http://world-en.openfoodfacts.org/product/0000195237007/rote-fruchte-mit-datteln-alpro,1683178016,Rote Früchte mit Datteln,,400 g,,alpro,,"Glutenfrei, Vegetarisch, Vegan, Europäische Vegetarier-Union, Europäische Vegetarier-Union Vegan, Ohne Zuckerzusatz, Laktosefrei, Nutriscore, Nutriscore Note A",,en:Germany,,,,unknown,,,,,,,,https://images.openfoodfacts.org/images/products/000/019/523/7007/front_de.12.400.jpg,1693286431
1052,http://world-en.openfoodfacts.org/product/00001052/sopa-instantanea-de-frango-e-legumes-herbalife-nutrition-davisons-orchard,1721327476,Sopa Instantânea de Frango e Legumes - Herbalife Nutrition,,,,Davisons Orchard,,,,us,,,1 tasse (250 ml),unknown,,,,,,,,,1730575785
1001719819,http://world-en.openfoodfacts.org/product/0001001719819/pate-a-tartiner-au-chocolat-blanc-brinkers,1667677797,Pâte à tartiner au chocolat blanc,,,,Brinkers,,Point Vert,,en:fr,,,,unknown,,575.0,36.0,59.0,3.8,0.23,,https://images.openfoodfacts.org/images/products/000/100/171/9819/front_fr.3.400.jpg,1774544780
2670,http://world-en.openfoodfacts.org/product/00002670/ricotta-and-cheese-spinach-ravioli-lean-cuisine,1643307596,Ricotta and cheese spinach ravioli,,8 oz,,"Lean cuisine, Lackmann",,,,"Irland, Germany",,,226.0g,unknown,,110.62,2.65,1.77,4.42,,,https://images.openfoodfacts.org/images/products/000/000/000/2670/front_en.3.400.jpg,1774549370
18097,http://world-en.openfoodfacts.org/product/00018097/salade-mac-florette,1494672430,Salade Mac,,10 kg (5 * 2 kg),"Plastique, Sachet, Carton, Frais","Florette, Florette Food Service, McDonald's","Aliments et boissons à base de végétaux, Aliments d'origine végétale, Aliments à base de fruits et de légumes, Plats préparés, Légumes et dérivés, Frais, Salades composées, Aliments à base de plantes frais, Légumes-feuilles, Légumes frais, Salades vertes, en:Salads, Salade Iceberg, Salades",,,France,McDonald's,Salade Iceberg,,unknown,,,,,,,fr:salades,https://images.openfoodfacts.org/images/products/000/000/001/8097/front_fr.6.400.jpg,1774462021
11315,http://world-en.openfoodfacts.org/product/00011315/pulled-chicken,1549373018,Pulled Chicken,,,Karton(s),,,,,"Frankreich, en:de",,,,unknown,,,,,,,,,1728041996
10302,http://world-en.openfoodfacts.org/product/00010302/fusilli-kalibra,1643983467,Fusilli,,150 g,,Kalibra,"Plant-based foods and beverages,Plant-based foods,Cereals and potatoes,Cereals and their products,Pastas,Cereal pastas,Durum wheat pasta,Fusilli",No gluten,,Italy,,,,a,,304.0,4.0,1.5,30.0,0.7,Fusilli,https://images.openfoodfacts.org/images/products/000/000/001/0302/front_it.3.400.jpg,1774922658
2047,http://world-en.openfoodfacts.org/product/00002047/krokant-in-granella-naturalslim,1714817243,Krokant in Granella,,1pcs,,NaturalSlim,,,,en:germany,,"Potassium citrate, Potassium gluconate, Cellulose (capsule), Microcrystalline cellulose, Magnesium stearate, Silicon dioxide",1g,unknown,4.0,,,,,,,https://images.openfoodfacts.org/images/products/000/000/000/2047/front_de.5.400.jpg,1757685997
300000002,http://world-en.openfoodfacts.org/product/0000300000002/haricots-rouges-bio-kazidomi,1595177615,Haricots Rouges Bio,,400 g,Can,Kazidomi,"Aliments et boissons à base de végétaux, Aliments d'origine végétale, Légumineuses et dérivés, Légumineuses, Graines, Graines de légumineuses, Légumineuses sèches, en:Common beans, Haricots rouges","Bio, Agriculture EU, B-Corp",China,"Belgium,France,World",Kazidomi.com,"Haricots rouges*, eau (*issus de l'agriculture biologique)",,a,1.0,53.0,0.3,0.0,4.4,0.05,Red beans,https://images.openfoodfacts.org/images/products/000/030/000/0002/front_fr.13.400.jpg,1773740671
559901162,http://world-en.openfoodfacts.org/product/0000559901162/power-cakes-kodiak-cames,1552237380,Power Cakes,,567g,,Kodiak Cames,"Cooking helpers, Dessert mixes, Pancake mixes",No preservatives,,en:US,,,,unknown,,,,,,,Pancake mixes,https://images.openfoodfacts.org/images/products/000/055/990/1162/front_en.3.400.jpg,1728038704
1630000583,http://world-en.openfoodfacts.org/product/0001630000583/pistaches-brisees,1600200722,Pistaches brisées,,,,,,,,en:ca,,,,unknown,,560.0,45.20000076294,7.6599998474122,20.0,,,https://images.openfoodfacts.org/images/products/000/163/000/0583/front_fr.3.400.jpg,1775039471
4913,http://world-en.openfoodfacts.org/product/00004913/whole-grains-health-nut-bread,1768134791,Whole Grains Health Nut Bread,,7 oz,,,,,,en:united-states,,,,unknown,,120.0,2.5,3.0,5.0,0.930225,,https://images.openfoodfacts.org/images/products/000/000/000/4913/front_en.3.400.jpg,1777140980
192,http://world-en.openfoodfacts.org/product/00000192/planin-levadura-madre,1732513997,Planin,,,,levadura madre,,,,en:Ireland,,,5.0g,unknown,,,,,,,,https://images.openfoodfacts.org/images/products/invalid/front_es.7.400.jpg,1748974950
4749,http://world-en.openfoodfacts.org/product/00004749/sdw-tradution-complet-thon-crous-resto,1632910683,SDW Tradution complet thon,,,,Crous Resto',,,,en:fr,,,,unknown,,245.3,10.61,1.23,10.96,0.99,,https://images.openfoodfacts.org/images/products/000/000/000/4749/front_fr.3.400.jpg,1774486866
301991905,http://world-en.openfoodfacts.org/product/0000301991905/ensalada-espiral-york-queso-viena-capellanes,1565263112,Ensalada espiral-york queso,,370 g,,viena capellanes,,Punto Verde,,España,,,,unknown,,200.0,7.1,2.1,9.0,0.4375,,https://images.openfoodfacts.org/images/products/000/030/199/1905/front_es.5.400.jpg,1774630057
13365,http://world-en.openfoodfacts.org/product/00013365/farine-d-epeautre-type-150-farine-integrale,1630017794,Farine d'Epeautre type 150 Farine Intégrale,,1 kg,Paquet,,"Aliments et boissons à base de végétaux, Aliments d'origine végétale, Céréales et pommes de terre, Céréales et dérivés, Farines, Farines de céréales, Farines de blé, Farines d'épeautre",,,France,,,,unknown,,,,,,,Spelt flours,,1728042607
1001421912,http://world-en.openfoodfacts.org/product/0001001421912/bouillon-mediterraneen,1660558611,Bouillon méditerranéen,,,,,,Bio,,en:fr,,,,unknown,,2.9,0.04,0.2,0.1,1.1,,https://images.openfoodfacts.org/images/products/000/100/142/1912/front_fr.9.400.jpg,1774544769
310,http://world-en.openfoodfacts.org/product/00000310/miel-cremeux-juice-plus,1675957494,Miel crémeux,,g,,"Juice Plus+, ivushka, lack, Lackmann","Petit-déjeuners, Produits à tartiner, Produits à tartiner sucrés, Produits de la ruche, Produits d'élevages, Édulcorants, Miels, Miels crémeux",,,"Frankreich, Germany",,"Tapioca syrup, soluble corn fiber, organic evaporated cane juice, fruit and vegetable juice and pulp powder, cocoa, concord grape, pomegranate, blueberry, green tea, cranberry, ginger root, blackberry, bilberry, raspberry, artichoke leaf, elderberry, black currant, pectin, citric acid, natural flavor, ascorbic acid, coating, organic sunflower oil, organic carnauba wax, sunflower d-alpha tocopherol, tangerine, grape seed, lactic acid",5g,unknown,4.0,,,,,,fr:Miels crémeux,https://images.openfoodfacts.org/images/products/invalid/front_fr.23.400.jpg,1743615597
1151959180,http://world-en.openfoodfacts.org/product/0001151959180/jamon,1576611455,Jamón,,,,,,,,en:es,,,,unknown,,297.0,19.0,0.0,30.0,4.0,,https://images.openfoodfacts.org/images/products/000/115/195/9180/front_es.3.400.jpg,1774651284
1202312178,http://world-en.openfoodfacts.org/product/0001202312178/tofu-saag-paneer,1619611795,Tofu Saag Paneer,,,,,,,,en:gb,,,,unknown,,100.0,5.1,2.3,4.7,0.57,,https://images.openfoodfacts.org/images/products/000/120/231/2178/front_en.3.400.jpg,1774651671
1686510339,http://world-en.openfoodfacts.org/product/0001686510339/maoam,1624312061,maoam,,220غرام,,,,,,en:Germany,,,,unknown,,,,,,,,,1728034948
978582880,http://world-en.openfoodfacts.org/product/0000978582880/biscozero,1618256053,Biscozero,,,,,,,,en:it,,,,unknown,,396.0,24.5,1.0,19.3,0.33,,https://images.openfoodfacts.org/images/products/000/097/858/2880/front_it.3.400.jpg,1774922562
573621094,http://world-en.openfoodfacts.org/product/0000573621094/vegetable-noodles-co-op-gold,1767203163,Vegetable Noodles,,,,Co-op Gold,,,,en:Canada,,,1 de tasse (64 g),unknown,,453.125,18.75,6.25,10.9375,3.3203125,,,1775070217
107652270,http://world-en.openfoodfacts.org/product/0000107652270/mylicongas,1659354486,mylicongas,,,,,,,,en:Italy,,"010765227 222592010 snoshop & nosnhor 2100hi9eov na do bw ob spontan simeticone ogni compressa contiene: simeticone (dimetilpolisilossano attivato) mg 40. eccipienti: saccarina, acido alginico, lattosio, sodio bicarbonato, povidone, calcio silicato idrato, magnesio stearato. forma farmaceutica e contenuto della confezione: 50 compresse masticabili indicazioni terapeutiche: mylicongas si usa nel trattamento sintomatico del meteo - rismo gastro-enterico e dell' aerofagia dell' adulto. come usare questo medicin adulti: 4 compresse al giorno (2 principale). le compresse devon uso orale. modo e via di somministrat leggere il foglio illustrativo prin tenere il medicinale fuor dalla portata dei bambin per riparare il prodotto dalla lu conservare il medicinale nella",,unknown,,,,,,,,,1728036290
183027258,http://world-en.openfoodfacts.org/product/0000183027258/pokemon-ethernite-carlelhayekfpp,1619959147,Pokemon ethernite,,,,CARLELHAYEKFPP,,,,en:Ireland,,,100.0g,unknown,,,,,,,,,1728037050
1001282358,http://world-en.openfoodfacts.org/product/0001001282358/morning-cofee-prestige,1659118128,Morning cofee,,,,Prestige,,Sans conservateurs,,en:fr,,,,unknown,,466.2,16.2,36.6,7.8,,,https://images.openfoodfacts.org/images/products/000/100/128/2358/front_fr.3.400.jpg,1774544763
200010400,http://world-en.openfoodfacts.org/product/0000200010400/supreme-prawn-cocktail-walkers,1757692954,Supreme Prawn Cocktail,,25g,,Walkers,en:flavoured-potato-crisps,,,en:United Kingdom,,"Potatoes, Vegetable Oils (Sunflower, Rapeseed), Prawn Cocktail Seasoning (Acids (Sodium Acetates, Potassium Acetate, Citric Acid), Sugar, Flavourings Dextrose, Potassium Chloride, Salt, Yeast Powder, Onion Powder, Tomato Powder, Spice Extract, Colour (Paprika Extract), Sweetener (Sucralose, Antioxidants (Rosemary Extract, Ascorbic Acid, Tocopherol Rich Extract, Citric Acid)",1 Packet (25 g),c,4.0,508.0,28.8,2.4,6.0,0.63,Flavoured potato crisps,https://images.openfoodfacts.org/images/products/000/020/001/0400/front_en.21.400.jpg,1774656495
560329210,http://world-en.openfoodfacts.org/product/0000560329210/curry-potato-vegetable-soup-pacific-foods,1773323058,Curry Potato & Vegetable Soup,,,,Pacific Foods,,,,en:United States,,,1 container (463 g),unknown,,51.8358531317495,1.72786177105832,1.29589632829374,1.07991360691145,0.701943844492441,,,1773323059
1005305471,http://world-en.openfoodfacts.org/product/0001005305471/spaghetti-pasta-di-gragano,1760455085,Spaghetti,,500 g,,Pasta di Gragano,,,,France,,,,unknown,,326.0,1.5,0.7,13.0,0.01,,https://images.openfoodfacts.org/images/products/000/100/530/5471/front_en.12.400.jpg,1774557098
19715,http://world-en.openfoodfacts.org/product/00019715/sal-marina-escamas,1646126856,Sal Marina Escamas,,,,,"Condimentos, Sales, en:groceries",,,en:es,,,,not-applicable,2.0,,,,,,Groceries,https://images.openfoodfacts.org/images/products/000/000/001/9715/front_es.3.400.jpg,1728044220
931948658,http://world-en.openfoodfacts.org/product/0000931948658/anticel-diet-intensive,1617200642,Anticel Dièt Intensive,,,,,,,,en:it,,,,unknown,,,,,,,,https://images.openfoodfacts.org/images/products/000/093/194/8658/front_it.3.400.jpg,1728059087
626861733,http://world-en.openfoodfacts.org/product/0000626861733/rice-cracker-multi-seed-with-tamari-soy-sauce-trader-joe-s,1667841026,"Rice cracker, multi seed with tamari. Soy sauce",,,,Trader Joe’s,,,,us,,,37.0g,unknown,,,,,,,,,1667841026
683442920,http://world-en.openfoodfacts.org/product/0000683442920/designer-whey-protein-vanilla-esn,1666511088,Designer Whey Protein Vanilla,,1000g,,ESN,"Dietary supplements, Bodybuilding supplements, Protein powders",,,en:Germany,,"Whey protein blend (ultrafiltered whey protein concentrate, cross-flow mi - (carrageenan), salt, sweeteners (acesulfame potassium, sodium cyclamate, sodium sac - crofiltered whey protein isolate), flavors, emulsifier (sunflower lecithin), thickening agent char'ne, sucralose), sunflower oil",,not-applicable,4.0,377.0,4.7,5.2,78.0,0.7,Protein powders,https://images.openfoodfacts.org/images/products/000/068/344/2920/front_en.3.400.jpg,1774106917
8879,http://world-en.openfoodfacts.org/product/00008879/miele-di-acacia,1666183051,Miele di acacia,,,,,"Colazioni, Spalmabili, Spalmabili dolci, Prodotti delle api, Prodotti agricoli, Edulcoranti, Miele, Miele di acacia",,,en:it,,,,unknown,2.0,,,,,,Acacia honeys,https://images.openfoodfacts.org/images/products/000/000/000/8879/front_it.3.400.jpg,1728040785
866321032,http://world-en.openfoodfacts.org/product/0000866321032/vegetable-egg-scramble-with-peaches-and-cherries-mom-s-meals,1624643146,Vegetable egg scramble with peaches and cherries,,,,Mom's Meals,,,,us,,,249.0g,unknown,,,,,,,,,1728036019
109670166,http://world-en.openfoodfacts.org/product/0000109670166/lemoniada,1667336155,Lemoniada,,,,,,,,en:us,,,,unknown,,,,,,,,https://images.openfoodfacts.org/images/products/000/010/967/0166/front_en.3.400.jpg,1667336158
16990,http://world-en.openfoodfacts.org/product/00016990/tresor-kellogg-s,1691425959,Tresor,,,,Kellogg's,,"Sans colorants, Nutriscore",,en:fr,,,,unknown,,454.0,15.0,25.0,7.0,0.96,,https://images.openfoodfacts.org/images/products/000/000/001/6990/front_fr.8.400.jpg,1774544867
112407493,http://world-en.openfoodfacts.org/product/0000112407493/veloute-de-potiron-liebig,1540632214,velouté de potiron,,1 litre,Brique,liebig,"Plant-based foods and beverages, Plant-based foods, Fruits and vegetables based foods, Meals, Soups, Vegetable soups, Pumpkin soups, en:cream-of-pumpkin-soups","Sans conservateurs, Fabriqué en France",,France,Auchan,"Eau, potiron 35%, oignon, pomme de terre, carotte, jus de tomates à base de concentré, crème fraiche 1,7%, amidon transformé de maïs, sel, beurre de cuisine, arômes (contient lait). Peut contenir des traces de céleri, blé (gluten) et oeuf.",,b,4.0,30.0,1.0,1.6,0.6,0.67,Cream of pumpkin soups,https://images.openfoodfacts.org/images/products/000/011/240/7493/front_fr.4.400.jpg,1773966950
1182675011,http://world-en.openfoodfacts.org/product/0001182675011/cultured-sea-salt-butter-vermont-creamery,1608870555,cultured sea salt butter,,,,Vermont Creamery,,,,en:france,,,,unknown,,,,,,,,,1728036471
790105275,http://world-en.openfoodfacts.org/product/0000790105275/crush-gummy-soda-bottles-orange,1587637131,"Crush, gummy soda bottles, orange",,,,,"Snacks, Sweet snacks, Confectioneries",,,United States,,"Corn syrup, sugar, water, gelatin, natural flavor, orange crush concentrate (water, acacia gum, ester gum, natural flavors, artificial color [yellow 6], citric acid, sodium chloride, brominated soybean oil, artificial color [red 40]), artificial colors (fd&c yellow 5, red 40), mineral oil*, carnauba wax.",13 PIECES (40 g),d,4.0,,,,,,Confectioneries,,1587637131
70,http://world-en.openfoodfacts.org/product/00000070/genoise-chocolat-bijou,1532324797,genoise chocolat bijou,,920 g,,Bijou,1,en:gb-org-05,,France,,,,unknown,,,,,,,1,https://images.openfoodfacts.org/images/products/invalid/front_en.16.400.jpg,1728690404
112407494,http://world-en.openfoodfacts.org/product/0000112407494/veloute-de-legumes-verts-liebig,1550608929,Velouté de Légumes Verts,Velouté de légumes verts,1L,,Liebig,"Aliments et boissons à base de végétaux, Aliments d'origine végétale, Aliments à base de fruits et de légumes, Plats préparés, Soupes, Veloutés, Soupes de légumes, Veloutés de légumes","Sans conservateurs, Fabriqué en France, Sans colorants",,France,,,,unknown,,,,,,,Cream of vegetable soups,https://images.openfoodfacts.org/images/products/000/011/240/7494/front_fr.3.400.jpg,1728041949
1541801159,http://world-en.openfoodfacts.org/product/0001541801159/large-black-pitted-olives,1746252445,Large Black Pitted Olives,,4 OLIVES | ABOUT,,,"Snacks, Salty snacks",,,"United States, World",,"Pitted Ripe Olives, Water, Salt, Ferrous Gluconate (Color Stabilizer).",4 OLIVES | ABOUT (15 g),e,3.0,,,,,,Salty snacks,,1746252445
17808,http://world-en.openfoodfacts.org/product/00017808/jamaica-blue-mountain-coffee-roasted-and-ground,1658927096,Jamaica Blue Mountain Coffee Roasted And Ground,,,,,,,,en:us,,,,unknown,,,,,,,,https://images.openfoodfacts.org/images/products/000/000/001/7808/front_en.3.400.jpg,1658927098
1000008218,http://world-en.openfoodfacts.org/product/0001000008218/pates-langue-d-oiseau,1421692792,Pates Langue d'oiseau,,500 g,,,,,,France,,,,unknown,,,,,,,,,1572636865
609989010,http://world-en.openfoodfacts.org/product/0000609989010/the-madelaine-chocolate-company-solid-milk-chocolate-bunnies-madelaine-chocolate-novelties,1489071250,"The Madelaine Chocolate Company, Solid Milk Chocolate Bunnies",,,,Madelaine Chocolate Novelties,"Snacks, Sweet snacks, Cocoa and its products, Confectioneries, Chocolate candies",,,United States,,"Milk chocolate (sugar, milk, cocoa butter, chocolate, soy lecithin (an emulsifier), vanillin-an-artificial flavor)",4 BUNNIES (35 g),e,4.0,,,,,,Chocolate candies,,1587584715
539360033,http://world-en.openfoodfacts.org/product/0000539360033/shore-broth,1732213279,Shore broth,,,,,,,,us,,,100.0g,unknown,,,,,,,,,1732213279
1486,http://world-en.openfoodfacts.org/product/00001486/vegan-4k-blend-v-protein,1723147185,VEGAN 4K BLEND,,,,V-PROTEIN,,en:vegan,,en:Ireland,,,100.0g,unknown,,364.0,2.70000004768372,2.0,78.0999984741211,,,https://images.openfoodfacts.org/images/products/000/000/000/1486/front_en.3.400.jpg,1775141474
345179093,http://world-en.openfoodfacts.org/product/0000345179093/beurre-traditionnel-doux-elle-et-vire,1615568633,Beurre traditionnel doux,,,,Elle et vire,"Produits laitiers, Matières grasses, Produits à tartiner, Matières grasses à tartiner, Matières grasses animales, Matière grasse laitière, en:dairy-spread, Beurres, Beurres doux",,,en:france,,,,unknown,2.0,,,,,,Unsalted butters,,1728049868
907178709,http://world-en.openfoodfacts.org/product/0000907178709/serenol-plus,1661585881,Serenol Plus,,,,,,,,en:gb,,,,unknown,,,,,,,,https://images.openfoodfacts.org/images/products/000/090/717/8709/front_en.3.400.jpg,1728058918
5441,http://world-en.openfoodfacts.org/product/00005441/kosova-wine-rahovec-2015-vranac,1704192390,Kosova Wine Rahovec 2015 (Vranac),,0.75l,,Kosova Wine Rahovec 2015 (Vranac),Getränke,,,en:germany,,,,unknown,,,,,,,Beverages,https://images.openfoodfacts.org/images/products/000/000/000/5441/front_de.5.400.jpg,1728053282
2820,http://world-en.openfoodfacts.org/product/00002820/gelule,1613938998,gelule,,,,,,,,en:fr,,,,unknown,,6.0,3.0,3.0,8.0,2.0,,https://images.openfoodfacts.org/images/products/000/000/000/2820/front_fr.3.400.jpg,1774544728
1003174802,http://world-en.openfoodfacts.org/product/0001003174802/petite-crepe-dentelle-de-bretagne,1709587556,Petite crêpe dentelle de Bretagne,,,,,,"Nutriscore, en:nutriscore-grade-e",,en:fr,,,,unknown,,505.0,23.0,44.0,5.5,0.61,,https://images.openfoodfacts.org/images/products/000/100/317/4802/front_fr.3.400.jpg,1774544815
981073846,http://world-en.openfoodfacts.org/product/0000981073846/amin-cap,1637535299,Amin cap,,,,,,,,en:it,,,,unknown,,,,,,,,,1728028602
18257,http://world-en.openfoodfacts.org/product/00018257/sundried-tomatoes-berrilys,1723034825,Sundried Tomatoes,,7 oz,,Berrilys,"Sundried Tomatoes, en:dried-tomatoes","Low or no sugar, Organic, Vegetarian, EU Organic, Vegan, No sugar, TR-BIO-161, en:no-gluten",,en:United Kingdom,,"Organic Sun-Dried Tomatoes, Sea Salt",,d,3.0,233.0,0.0,27.0,13.0,2.5,Sundried-tomatoes,https://images.openfoodfacts.org/images/products/000/000/001/8257/front_en.3.400.jpg,1774651656
1766709597,http://world-en.openfoodfacts.org/product/0001766709597/biscuits-au-choco-nussa-lidl,1620569453,Biscuits au Choco nussa,,,,"Lidl, Sondey","Snacks, Snacks sucrés, Biscuits et gâteaux, Biscuits, Biscuits au chocolat","Agriculture durable, Certifié UTZ, Cacao certifié UTZ",,en:fr,Lidl,,,e,,484.0,21.5,32.599998474121,6.6999998092651,0.52,Chocolate biscuits,https://images.openfoodfacts.org/images/products/000/176/670/9597/front_fr.3.400.jpg,1774544869
237,http://world-en.openfoodfacts.org/product/00000237/whey-protein-mutan-mass,1707492237,Whey Protein - Mutan Mass,,,,,,,,en:Ireland,,,32.0g,unknown,,,,,,,,,1739812337
113291299,http://world-en.openfoodfacts.org/product/0000113291299/oats-slurrp,1706391949,Oats,,1pcs,,Slurrp,,,,"United States, Germany",,,,unknown,,,,,,,,,1728041988
1005720847,http://world-en.openfoodfacts.org/product/0001005720847/boullon-de-legumes-knorr,1771861204,Boullon de legumes knorr,,,,,,,,en:fr,,,,unknown,,,,,,,,https://images.openfoodfacts.org/images/products/000/100/572/0847/front_fr.3.400.jpg,1771861207
115902357,http://world-en.openfoodfacts.org/product/0000115902357/danonino,1653425478,Danonino,,,,,,,,en:france,,,,unknown,,,,,,,,https://images.openfoodfacts.org/images/products/000/011/590/2357/front_fr.5.400.jpg,1728042047
790440024,http://world-en.openfoodfacts.org/product/0000790440024/golden-apple-chips-welch-s,1489077889,Golden Apple Chips,,28 g,,"Welch's,  Healthy Food Brands Llc",,,,United States,,"APPLES, SODIUM SULPHITE (TO PRESERVE FRESHNESS).",28.000000000000004g,e,1.0,,,,,,Null,,1740179847
12263,http://world-en.openfoodfacts.org/product/00012263/baguette-le-fermier-crous,1580298400,Baguette le fermier,,250 g,Emballage plastique,"Crous, Crous Languedoc Roussillon, Crous Resto'","Aliments et boissons à base de végétaux,Aliments d'origine végétale,Sandwichs,Sandwichs à la volaille",,,France,Crous Resto',"PAIN BAGUETTE 48% : Farine de FROMENT, eau, levure, sel. Garniture 52%: Emincé de poulet rôti 30,8% (filet de poulet 82% [origine UE], eau, acidifiant: lactate de potassium et acétate de sodium, amidon modifié de manioc, sel, dextrose et sirop de glucose, arômes, gélifiants E407a antioxydant : érythorbate de sodium, colorant caramel), tomate 23,1%, salade verte 15,4%,  MAYONNAISE15,4% (huile de colza 68,5%, eau, vinaigre, jaune d'OEUF trais 5%, MOUTARDE de Dijon [eau, graine de MOUTARDE, Vinaigre, sel, antioxydant : DISULFITE de potassium, acidifiant : acide citrique], sel, sucre, amidon modifié, épaississant: gomme xanthane, acidifiant: E330, antioxydant: E385, colorants : lutéine et extrait de paprika, aromes), oignons frits 15,4% (oignons 76%, huile de palme, farine de BLE, sel). (% exprimés sur le garniture)",250g,d,4.0,266.0,10.0,2.2,9.5,2.1,Poultry sandwiches,https://images.openfoodfacts.org/images/products/000/000/001/2263/front_fr.32.400.jpg,1773927871
1121311074,http://world-en.openfoodfacts.org/product/0001121311074/deliciously-soft-cookies-creme-cookies,1587644231,Deliciously soft cookies & creme cookies,,,,,"Snacks, Sweet snacks, Biscuits and cakes, Biscuits",,,United States,,"Sugar, enriched bleached wheat flour (flour, niacin, reduced iron, thiamine mononitrate, riboflavin, folic acid), margarine (palm oil, water, soybean oil, salt, contains 2% or less of: mono-and diglycerides, calcium disodium edta [preservative], artificial flavor, annatto [color], vitamin a palmitate), eggs, invert sugar, cookie bits (wheat flour, sugar, vegetable shortening [partially hydrogenated soybean and/or cottonseed oils], canola oil, cocoa [processed with alkali], unsweetened chocolate, salt, baking soda, soy lecithin), contains 2% or less of: cocoa (processed with alkali), water, fructose, food starch-modified, skim milk, cornstarch, baking soda, natural and artificial flavors, salt, polysorbate 60, soy lecithin (emulsifier).",1 COOKIE (38 g),e,4.0,,,,,,Biscuits,,1728036430
1002510549,http://world-en.openfoodfacts.org/product/0001002510549/petits-pois-bonduelle,1695030069,Petits pois,,,,Bonduelle,"Aliments et boissons à base de végétaux, Aliments d'origine végétale, Aliments à base de fruits et de légumes, Légumineuses et dérivés, Conserves, Légumineuses, Légumes et dérivés, Aliments à base de plantes en conserve, Légumes, Légumes en conserve, Légumineuses en conserve, Petits pois, Petits pois en conserve",,,en:fr,,,,a,,,,,,,Canned peas,https://images.openfoodfacts.org/images/products/000/100/251/0549/front_fr.3.400.jpg,1749228822
19255,http://world-en.openfoodfacts.org/product/00019255/moon-pie,1662912042,Moon Pie,,4 oz,,,,,,en:us,,,,unknown,,,,,,,,https://images.openfoodfacts.org/images/products/000/000/001/9255/front_en.3.400.jpg,1728044167
1111012343,http://world-en.openfoodfacts.org/product/0001111012343/blackberry-perserves-private-selection,1758587270,Blackberry Perserves,,13 oz,,Private Selection,,,,en:United States,Kroger,,1 Tbsp (20 g),unknown,,,,,,,,https://images.openfoodfacts.org/images/products/000/111/101/2343/front_en.3.400.jpg,1758590266
10291,http://world-en.openfoodfacts.org/product/00010291/natural-grapeseed-oil-wildtree,1646232180,Natural grapeseed oil,,64 fl oz,,Wildtree,"Plant-based foods and beverages, Plant-based foods, Fats, Vegetable fats, Vegetable oils, Fruit and fruit seed oils, Grape seed oils",No gluten,,United States,,grape seed  oil,14g,c,2.0,,,,,,Grape seed oils,https://images.openfoodfacts.org/images/products/000/000/001/0291/front_en.3.400.jpg,1728041543
2760,http://world-en.openfoodfacts.org/product/00002760/jimmy-dean-meat-lover-stuffed-hashbrown,1678480247,Jimmy  Dean  Meat Lover Stuffed Hashbrown,,,,Jimmy Dean,,,,en:Ireland,,,1.0g,unknown,,290.0,17.0,2.0,10.0,,,https://images.openfoodfacts.org/images/products/000/000/000/2760/front_en.3.400.jpg,1775141555
3040,http://world-en.openfoodfacts.org/product/00003040/ningxia-young-living-oils-plum,1582923608,ningxia young living oils,,,,Plum,,,,en:United States,,"water, tartaric acid, natural blueberry flavor, pure vanilla extract, malic acid, pectin, sodium benzoate (to maintain freshness), stevia (stevia rebaudiana) extract '100% pure, therapeutic-grade essential oil directions: drink 2 fl, oz, 1-2 times daily, best served chilled, shake well before use, refrigerate",,unknown,4.0,,,,,,,,1728048880
14018,http://world-en.openfoodfacts.org/product/00014018/magnesium-mag-2,1620211558,Magnésium Mag 2,,,,,,,,en:fr,,,,unknown,,,,,,,,https://images.openfoodfacts.org/images/products/000/000/001/4018/front_fr.3.400.jpg,1728042753
8855,http://world-en.openfoodfacts.org/product/00008855/knoblauch-radiatoren-nudeln-bischof,1706610299,Knoblauch Radiatoren Nudeln,,400g,,Bischof,,,,en:germany,,,,unknown,,,,,,,,,1728058586
17026,http://world-en.openfoodfacts.org/product/00017026/aloe-vera-support,1553580492,Aloe Vera Support,,,,,,,,en:France,,,,unknown,,41.666666666667,0.0,6.6666666666667,0.0,,,https://images.openfoodfacts.org/images/products/000/000/001/7026/front_en.7.400.jpg,1774107178
900059023,http://world-en.openfoodfacts.org/product/0000900059023/liquid-i-v,1673949063,Liquid I.V.,,,,,,,,en:us,,,,unknown,,,,,,,,https://images.openfoodfacts.org/images/products/000/090/005/9023/front_en.3.400.jpg,1728058721
13004,http://world-en.openfoodfacts.org/product/00013004/tea4life,1622940423,Tea4Life,,,,,,,,en:us,,,,unknown,,,,,,,,https://images.openfoodfacts.org/images/products/000/000/001/3004/front_en.3.400.jpg,1728042498
1012030125,http://world-en.openfoodfacts.org/product/0001012030125/test-new,1672963812,test new,,g,,,,,,en:Ukraine,,,,unknown,,,,,,,,,1728041429
13630,http://world-en.openfoodfacts.org/product/00013630/poulet-tandoori-powermeals,1650820674,Poulet tandoori,,,,PowerMeals,,,,en:Ireland,,,400.0g,unknown,,146.0,4.0,1.20000004768372,9.39999961853027,,,,1775141795
1231000630,http://world-en.openfoodfacts.org/product/0001231000630/reduced-fat-medium-cheddar-lucerne,1722725961,Reduced Fat Medium Cheddar,,,,Lucerne,,,,us,,,22.0g,unknown,,,,,,,,https://images.openfoodfacts.org/images/products/000/123/100/0630/front_en.3.400.jpg,1722725966
1001270713,http://world-en.openfoodfacts.org/product/0001001270713/mayonnaise-vegan-heinz,1656338661,Mayonnaise vegan,,,,Heinz,,"Végétarien, Végétalien",,en:fr,,,,unknown,,686.0,75.0,1.5,0.0,1.0,,https://images.openfoodfacts.org/images/products/000/100/127/0713/front_fr.3.400.jpg,1774544762
1230005339,http://world-en.openfoodfacts.org/product/0001230005339/salt-n-pepa-panko-chicken-with-whole-grain-rice-onions-and-peppers-fuel-hub,1769000931,"Salt-N-Pepa Panko Chicken With Whole Grain Rice, Onions, And Peppers",,,,Fuel Hub,,,,en:United Kingdom,,,1 portion (100 g),unknown,,125.0,1.5,4.0,12.0,0.3925,,,1774657881
315525034,http://world-en.openfoodfacts.org/product/0000315525034/beurre-doux-president-bio,1610786612,beurre doux,,,,président bio,"Produits laitiers, Matières grasses, Produits à tartiner, Matières grasses à tartiner, Matières grasses animales, Matière grasse laitière, en:dairy-spread, Beurres, Beurres doux",Bio,,en:france,,,,unknown,2.0,,,,,,Unsalted butters,,1728049069
14038,http://world-en.openfoodfacts.org/product/00014038/galletas-de-mantequilla-hacendado,1674934678,Galletas de mantequilla,,125 g,,Hacendado,en:biscuits,,,en:es,Mercadona,,,e,,512.0,26.0,26.0,5.9,0.95,Biscuits,https://images.openfoodfacts.org/images/products/000/000/001/4038/front_es.3.400.jpg,1774669041
835766607,http://world-en.openfoodfacts.org/product/0000835766607/vintage-minis,1489066996,Vintage minis,,,,"Vintage,  Vintage Bee  Inc.","Breakfasts, Spreads, Sweet spreads, Bee products, Farming products, Sweeteners, Honeys",,,United States,,"Pure raw honey, real hibiscus flowers.",1.5 tsp (10 g),d,2.0,,,,,,Honeys,,1587580984
1001543585,http://world-en.openfoodfacts.org/product/0001001543585/chocolat-noir,1665576848,Chocolat noir,,,,,,,,en:fr,,,,unknown,,503.0,44.0,16.0,11.0,0.1,,https://images.openfoodfacts.org/images/products/000/100/154/3585/front_fr.3.400.jpg,1774544770
390102780,http://world-en.openfoodfacts.org/product/0000390102780/snack-bites,1660423688,Snack bites,,8.0 oz,,,,,,en:us,,,,unknown,,,,,,,,https://images.openfoodfacts.org/images/products/000/039/010/2780/front_en.3.400.jpg,1728050707
10313,http://world-en.openfoodfacts.org/product/00010313/yaourt-de-brebis-au-laut-entier,1560959878,Yaourt de brebis au laut entier,,,,,"Produits laitiers, Produits fermentés, Desserts, Produits laitiers fermentés, Desserts lactés, Desserts lactés fermentés, Yaourts, Yaourts au lait de brebis",,,en:fr,,,,unknown,,,,,,,Sheep milk yogurts,https://images.openfoodfacts.org/images/products/000/000/001/0313/front_fr.3.400.jpg,1728041566
16623,http://world-en.openfoodfacts.org/product/00016623/huile-essentielle-poivree,1663858260,Huile essentielle poivrée,,,,,,,,France,,,,unknown,,236.0,30.0,4.0,65.0,1.0,,https://images.openfoodfacts.org/images/products/000/000/001/6623/front_fr.3.400.jpg,1774544867
805274569,http://world-en.openfoodfacts.org/product/0000805274569/ekorigin-cereal-food,1610381310,EKORIGIN,,,,CEREAL FOOD,,,,en:france,,,,unknown,,,,,,,,,1728057344
1001368373,http://world-en.openfoodfacts.org/product/0001001368373/fix-to-zero,1667998556,Fix to Zero,,,,,,,,en:fr,,,,unknown,,344.0,2.44,32.13,3.69,0.55,,https://images.openfoodfacts.org/images/products/000/100/136/8373/front_fr.3.400.jpg,1774544767
17585,http://world-en.openfoodfacts.org/product/00017585/modere,1645731207,Modere,,,,,,,,en:Ireland,,,15.0g,unknown,,66.6666666666667,,,,,,https://images.openfoodfacts.org/images/products/000/000/001/7585/front_en.3.400.jpg,1775141808
5032,http://world-en.openfoodfacts.org/product/00005032/chipolatas-jean-roze,1623323203,Chipolatas,,,,Jean Rozé,,,,us,,,100.0g,unknown,,,,,,,,,1623323203
1001409831,http://world-en.openfoodfacts.org/product/0001001409831/toffeecups,1664811677,ToffeeCups,,,,,,,,en:fr,,,,unknown,,470.0,20.0,37.0,1.01,,,https://images.openfoodfacts.org/images/products/000/100/140/9831/front_fr.8.400.jpg,1774544769
868,http://world-en.openfoodfacts.org/product/00000868/latte-intero-in-polvere-saporepuro,1731012221,Latte intero in polvere,,,,SaporePuro,,,,en:Norway,,,,unknown,,,,,,,,https://images.openfoodfacts.org/images/products/invalid/front_en.3.400.jpg,1731012224
981559519,http://world-en.openfoodfacts.org/product/0000981559519/pralina-zero,1636484751,Pralina Zero,,10 g,,,,,,en:it,,,,unknown,,543.0,42.0,1.7,20.0,0.3,,https://images.openfoodfacts.org/images/products/000/098/155/9519/front_it.3.400.jpg,1774922532
13666,http://world-en.openfoodfacts.org/product/00013666/pintade-vegetal-pac,1681056106,Pintade vegetal pac,,,,,,en:nutriscore,,en:fr,,,,unknown,,,,,,,,https://images.openfoodfacts.org/images/products/000/000/001/3666/front_fr.6.400.jpg,1750592829
200006300,http://world-en.openfoodfacts.org/product/0000200006300/wotsits-walkers,1687969951,Wotsits Walkers,,,,,en:potato-crisps,,,en:gb,,,,c,,470.0,21.0,2.1,7.1,0.95,Potato crisps,https://images.openfoodfacts.org/images/products/000/020/000/6300/front_en.3.400.jpg,1774651681
390101746,http://world-en.openfoodfacts.org/product/0000390101746/amped-hydrate,1662143240,AMPED Hydrate,,,,,,,,en:us,,,,unknown,,,,,,,,https://images.openfoodfacts.org/images/products/000/039/010/1746/front_en.3.400.jpg,1728050690
387400059,http://world-en.openfoodfacts.org/product/0000387400059/elderflower-lemonade-belvoir-fame,1744050984,Elderflower lemonade,,,,Belvoir Fame,,,,en:United States,,Hi,1 250 mL can,unknown,,,,,,,,https://images.openfoodfacts.org/images/products/000/038/740/0059/front_en.3.400.jpg,1744050989
13271,http://world-en.openfoodfacts.org/product/00013271/salsicha-cocida-de-pollo-ecosancho,1570013195,Salsicha cocida de pollo,,,,ecosancho,,"Ecológico, Ecológico UE, Sin gluten, ES-ECO-016-CL, Sin lactosa",,España,,,,unknown,,,,,,,,https://images.openfoodfacts.org/images/products/000/000/001/3271/front_es.3.400.jpg,1728042576
918,http://world-en.openfoodfacts.org/product/00000918/barritas-vegetales-ecologicas-gutbio,1580821943,Barritas vegetales ecológicas,,,,GutBio,,"Ecológico, Vegetariano, Ecológico UE, Vegano, ES-ECO-019-CT",,en:es,,,,unknown,,,,,,,,https://images.openfoodfacts.org/images/products/invalid/front_es.3.400.jpg,1580822684
1001920835,http://world-en.openfoodfacts.org/product/0001001920835/sundried-tomato-basilic-flavor-sauce-hellmann-s,1673457924,Sundried tomato & basilic flavor sauce,,,,Hellmann's,,"Végétarien, Végétalien, Union Végétarienne Européenne, Union Végétarienne Européenne Végétalien",,en:fr,,,,unknown,,,,,,,,https://images.openfoodfacts.org/images/products/000/100/192/0835/front_fr.3.400.jpg,1728041116
16131,http://world-en.openfoodfacts.org/product/00016131/beef-bobotie-with-yellow-rice-peas-and-carrots-fit-food-4u,1769166075,"BEEF BOBOTIE WITH YELLOW RICE, PEAS AND CARROTS",,,,FIT FOOD 4U,,,,en:United States,,,,unknown,,,,,,,,,1769166075
10101,http://world-en.openfoodfacts.org/product/00010101/frosties-barre-kellogs,1717013010,Frosties barré,,,,Kellogs,,"No colorings, en:no-preservatives",,us,,,25.0g,unknown,,,,,,,,https://images.openfoodfacts.org/images/products/000/000/001/0101/front_en.3.400.jpg,1728036308
11522,http://world-en.openfoodfacts.org/product/00011522/miel-de-printemps,1766332076,Miel de printemps,,,,,,,,en:fr,,,,unknown,,,,,,,,https://images.openfoodfacts.org/images/products/000/000/001/1522/front_fr.3.400.jpg,1766332077
377001424,http://world-en.openfoodfacts.org/product/0000377001424/muesli-d-hiver,1709104610,Muesli d’hiver,,,,,,,,en:fr,,,,unknown,,,,,,,,https://images.openfoodfacts.org/images/products/000/037/700/1424/front_fr.3.400.jpg,1728050456
334260026,http://world-en.openfoodfacts.org/product/0000334260026/smoked-chilli-peanut-butter,1713542402,Smoked Chilli Peanut Butter,,,,,,,,us,,,5.0g,unknown,,,,,,,,,1713542402
1001689725,http://world-en.openfoodfacts.org/product/0001001689725/salt-chocolat,1667391592,Salt chocolat,,,,,,,,en:fr,,,,unknown,,522.0,34.9,42.7,6.0,0.6,,https://images.openfoodfacts.org/images/products/000/100/168/9725/front_fr.3.400.jpg,1774544773
1118002450,http://world-en.openfoodfacts.org/product/0001118002450/balti-chicken-with-spiced-potatoes-roasted-peppers-raita-fuelhub,1720695906,"Balti Chicken With Spiced Potatoes, Roasted Peppers & Raita",,,,FuelHub,,,,en:United Kingdom,,,1 meal (495 g),unknown,,91.7171717171717,2.22222222222222,,10.5050505050505,,,https://images.openfoodfacts.org/images/products/000/111/800/2450/front_en.3.400.jpg,1774650448
1447488307,http://world-en.openfoodfacts.org/product/0001447488307/dr-you-protein-bar,1715147353,Dr. You Protein Bar,,,,Dr. You,,,,us,,,70.0g,unknown,,,,,,,,https://images.openfoodfacts.org/images/products/000/144/748/8307/front_en.3.400.jpg,1715147354
100734431,http://world-en.openfoodfacts.org/product/0000100734431/creme-d-olive,1637494306,Crème d'olive,,,,,,,,France,,,,unknown,,,,,,,,,1728041295
109162562,http://world-en.openfoodfacts.org/product/0000109162562/twaro%C5%BC-po%C5%82t%C5%82usty-farmer-cheese-ludwig-dairy,1672341335,Twaroż Półtłusty Farmer Cheese,,,,Ludwig Dairy,,"Kosher, No preservatives",,en:us,,,2 tbsp (30 g),unknown,,116.666666666667,3.33333333333333,3.33333333333333,16.6666666666667,0.75,,https://images.openfoodfacts.org/images/products/000/010/916/2562/front_en.3.400.jpg,1779023258
1121325627,http://world-en.openfoodfacts.org/product/0001121325627/dry-honey-roasted-peanuts-salted-spartan,1489135231,"Dry honey roasted peanuts, salted",,,,Spartan,Snacks,,,United States,,"Peanuts, sugar, honey, high fructose corn syrup, sea salt, cornstarch, xanthan gum.",1 ONZ (28 g),d,4.0,,,,,,Snacks,,1728036433
1202312272,http://world-en.openfoodfacts.org/product/0001202312272/portobello-mushroom-striganoff,1660042690,Portobello Mushroom Striganoff,,,,,,,,en:gb,,,,unknown,,107.0,3.1,0.0,4.7,0.52,,https://images.openfoodfacts.org/images/products/000/120/231/2272/front_en.3.400.jpg,1774651673
405916853,http://world-en.openfoodfacts.org/product/0000405916853/vegan-smoky-ham-quorn,1642488961,Vegan smoky ham,,,,Quorn,,"Vegetarian, No gluten, Vegan",,us,,,25.0g,unknown,,,,,,,,https://images.openfoodfacts.org/images/products/000/040/591/6853/front_en.3.400.jpg,1728038092
800200008,http://world-en.openfoodfacts.org/product/0000800200008/bruschette-tasso-ridotto-carboidrati,1640961897,Bruschette - tasso ridotto carboidrati,,,,,,,,en:it,,,,unknown,,282.0,16.05,0.11,28.72,1.23,,https://images.openfoodfacts.org/images/products/000/080/020/0008/front_it.7.400.jpg,1774922689
800100006,http://world-en.openfoodfacts.org/product/0000800100006/milk-life,1620229740,Milk Life,,1000 ml,"Plastica, Polietilene ad alta densità",,,,,en:it,,,,unknown,,60.4,3.6,4.9,2.1,0.0,,https://images.openfoodfacts.org/images/products/000/080/010/0006/front_it.3.400.jpg,1774922684
4747,http://world-en.openfoodfacts.org/product/00004747/kalrot-stykk-bama-dagligvare-as,1658590882,Kålrot stykk,,1080 g,fresh,Bama dagligvare  as,"Plant-based foods and beverages, Plant-based foods, Fruits and vegetables based foods, Vegetables based foods, Turnip, Rutabaga",No gluten,,"en:canada,en:United States",Metro,rutabaga,,unknown,1.0,33.85,0.13,4.46,1.17,0.028,Rutabaga,https://images.openfoodfacts.org/images/products/000/000/000/4747/front_en.15.400.jpg,1775067611
3100,http://world-en.openfoodfacts.org/product/00003100/hard-boiled-eggs-cheffresh,1415119256,Hard Boiled Eggs,,2,"Plastique, Barquette",Cheffresh,"en:eggs,en:boiled-eggs,en:chicken-eggs",,France,France,,"Eggs (Eggs, Citric Acid, Sodium Benzoate, Nisin Preparation)",,unknown,,,,,,,Boiled eggs,https://images.openfoodfacts.org/images/products/000/000/000/3100/front_fr.16.400.jpg,1774461983
120001035,http://world-en.openfoodfacts.org/product/0000120001035/filet-poulet-tex-mex,1729446816,Filet poulet tex-mex,,,,,,,,en:Ireland,,,100.0g,unknown,,113.0,3.0,,19.0,2.5,,,1775142125
808080808,http://world-en.openfoodfacts.org/product/0000808080808/sinalco-ramseier,1761664662,Sinalco,,,,Ramseier,Beverages,,,en:germany,,,,unknown,,,,,,,Beverages,,1761664663
1185,http://world-en.openfoodfacts.org/product/00001185/l-ornithin-pulver-bonemis,1747221834,L-Ornithin Pulver,,250g,,Bonemis,,,,en:germany,,,,unknown,,,,,,,,,1747221834
202100101,http://world-en.openfoodfacts.org/product/0000202100101/fanta-ananas,1645011404,Fanta ananas,,,,Fanta,Beverages,,,en:Ireland,,,355.0g,unknown,,50.7042253521127,,13.5211267605634,,,Beverages,https://images.openfoodfacts.org/images/products/000/020/210/0101/front_en.3.400.jpg,1775141823
433657451,http://world-en.openfoodfacts.org/product/0000433657451/malox,1714813531,Malox,,,,,,,,en:italy,,,,unknown,,,,,,,,https://images.openfoodfacts.org/images/products/000/043/365/7451/front_it.3.400.jpg,1728038273
983771155,http://world-en.openfoodfacts.org/product/0000983771155/low-sugar-cookie-wafer,1667474473,Low sugar Cookie Wafer,,,,,,,,en:it,,,,unknown,,,,,,,,https://images.openfoodfacts.org/images/products/000/098/377/1155/front_it.3.400.jpg,1728028560
1000257454,http://world-en.openfoodfacts.org/product/0001000257454/veloute-de-tomates-liebig,1635271042,Velouté de tomates,,,,Liebig,,,,en:fr,,,,unknown,,36.0,0.6,3.4,0.9,0.63,,https://images.openfoodfacts.org/images/products/000/100/025/7454/front_fr.3.400.jpg,1774544743
1600017889,http://world-en.openfoodfacts.org/product/0001600017889/fruit-snacks-betty-crocker,1627135319,Fruit snacks,,,,Betty Crocker,,No gluten,,en:United States,,,23 g,unknown,,,,,,,,https://images.openfoodfacts.org/images/products/000/160/001/7889/front_en.3.400.jpg,1728043167
1000716453,http://world-en.openfoodfacts.org/product/0001000716453/tuc-integral,1646204726,Tuc intégral,,,,,"Snacks, Salty snacks, Appetizers, en:crackers",,,en:fr,,,,d,,409.0,12.0,5.1,10.0,1.6,Crackers,https://images.openfoodfacts.org/images/products/000/100/071/6453/front_fr.3.400.jpg,1774544751
202101094,http://world-en.openfoodfacts.org/product/0000202101094/2500013056-minute-maid,1654105893,2500013056,,,,Minute Maid,,,,en:Ireland,,,45.0g,unknown,,45.0,,,,,,https://images.openfoodfacts.org/images/products/000/020/210/1094/front_en.3.400.jpg,1775141823
6001,http://world-en.openfoodfacts.org/product/00006001/miel-de-sapin,1667634567,Miel de sapin,,,,,"Petit-déjeuners, Produits à tartiner, Produits à tartiner sucrés, Produits de la ruche, Produits d'élevages, Édulcorants, Miels, Miels de sapin",,,en:fr,,,,unknown,2.0,,,,,,Fir honeys,https://images.openfoodfacts.org/images/products/000/000/000/6001/front_fr.6.400.jpg,1728038838
800007001,http://world-en.openfoodfacts.org/product/0000800007001/petit-dejeuner-carte-noire,1608269731,Petit Déjeuner,,,,Carte Noire,,,,en:france,,,,unknown,,,,,,,,https://images.openfoodfacts.org/images/products/000/080/000/7001/front_fr.3.400.jpg,1728057087
1005877504,http://world-en.openfoodfacts.org/product/0001005877504/chateau-beard-la-chapelle,1774696114,Château  beard la chapelle,,,,,,,,en:fr,,,,unknown,,,,,,,,https://images.openfoodfacts.org/images/products/000/100/587/7504/front_fr.3.400.jpg,1774696117
601,http://world-en.openfoodfacts.org/product/00000601/ciprofloxacin-eye-drops-cognac,1555923171,ciprofloxacin eye drops,,700ml,Tüte,Cognac,"Getränke und Getränkezubereitungen, Getränke",,,"Frankreich, en:de",,,,unknown,,,,,,,Beverages,https://images.openfoodfacts.org/images/products/invalid/front_de.10.400.jpg,1745080398
390361506,http://world-en.openfoodfacts.org/product/0000390361506/isagenix-fruits,1675085620,Isagenix Fruits,,,,,,,,en:us,,,,unknown,,,,,,,,https://images.openfoodfacts.org/images/products/000/039/036/1506/front_en.3.400.jpg,1728050723
1121389974,http://world-en.openfoodfacts.org/product/0001121389974/salsa-mild,1587644716,"Salsa, mild",,,,,"Condiments, Sauces, Dips, Groceries",,,United States,,"Diced tomatoes in tomato juice, water, onions, jalapeno peppers, and less than 2% of the following: salt, garlic powder, vinegar, pectin, sugar, natural flavors, tomato paste, spices.",2 Tbsp (31 g),c,4.0,,,,,,Groceries,,1728036439
12706,http://world-en.openfoodfacts.org/product/00012706/freshly-squeezed-orange-juice-marks-spencer,1561570682,Freshly Squeezed Orange Juice,Orange Juice,500 ml,,Marks & Spencer,Squeezed orange juices,,,United States,Marks & Spencer,,500.0g,unknown,,,,,,,Squeezed orange juices,https://images.openfoodfacts.org/images/products/000/000/001/2706/front_en.11.400.jpg,1727774184
1332,http://world-en.openfoodfacts.org/product/00001332/mel-de-l-avi-joan,1629745517,Mel de l'avi Joan,,,,,,,,en:es,,,,unknown,,,,,,,,https://images.openfoodfacts.org/images/products/000/000/000/1332/front_es.3.400.jpg,1629745517
550550550,http://world-en.openfoodfacts.org/product/0000550550550/%D8%B1%D8%B7%D8%A8-%D8%A7%D9%84%D9%82%D8%B5%D9%8A%D9%85-%D8%A7%D9%84%D8%B3%D8%B9%D8%B1-13-%D8%B1%D9%8A%D8%A7%D9%84,1666261871,رطب القصيم,,الوزن الصافي..,,السعر 13 ريال,,,,en:Saudi Arabia,,,,unknown,,,,,,,,https://images.openfoodfacts.org/images/products/000/055/055/0550/front_ar.3.400.jpg,1728053342
1225,http://world-en.openfoodfacts.org/product/00001225/gemusefond-ag,1767205340,Gemüsefond,,1000ml,,AG,,,,en:germany,,,,unknown,,,,,,,,,1767205341
9126,http://world-en.openfoodfacts.org/product/00009126/granny-smith-apples-sainsburys,1612123082,granny smith apples,,,en:mixed plastic-bag,Sainsburys,"Plant-based foods and beverages, Plant-based foods, Fruits and vegetables based foods, Fruits based foods, Fruits, Apples, Fresh fruits, Fresh apples, en:granny-smith-apples",,,en:United Kingdom,Sainsbury's,,100g,unknown,,54.0,0.5,11.1,0.6,,Granny Smith apples,https://images.openfoodfacts.org/images/products/000/000/000/9126/front_en.5.400.jpg,1774631163
201901248,http://world-en.openfoodfacts.org/product/0000201901248/orange-juice-minute-made,1710975380,Orange juice,,,,Minute made,,,,en:Ireland,,,240.0g,unknown,,45.8333333333333,,10.0,0.833333333333333,,,,1775141820
1674600480,http://world-en.openfoodfacts.org/product/0001674600480/turkey-breast-mince-sainsburys,1684179703,Turkey Breast Mince,,,,Sainsburys,,,,us,Sainsbury's,,100.0g,unknown,,,,,,,,https://images.openfoodfacts.org/images/products/000/167/460/0480/front_en.3.400.jpg,1684184314
2204,http://world-en.openfoodfacts.org/product/00002204/mk-seed-mix,1772212527,MK Seed Mix,,680 g,,,,,,Austria,,,,unknown,,474.0,35.0,0.6,27.0,4.0,,https://images.openfoodfacts.org/images/products/000/000/000/2204/front_de.3.400.jpg,1772212687
765283917,http://world-en.openfoodfacts.org/product/0000765283917/maaltijdsalade-gerookte-kip-plus,1763810684,Maaltijdsalade gerookte kip,,450 gram,,Plus,,,,en:The Netherlands,,,450 gram,unknown,,,,,,,,,1763810684
924864705,http://world-en.openfoodfacts.org/product/0000924864705/proteine-bar-55,1621509166,Proteine bar 55,,,,,,"Senza glutine, Senza olio di palma",,en:it,,,,unknown,,447.0,13.6,12.7,49.0,0.5,,https://images.openfoodfacts.org/images/products/000/092/486/4705/front_it.3.400.jpg,1774922706
202001064,http://world-en.openfoodfacts.org/product/0000202001064/vitamin-water,1647951825,Vitamin water,,,,,,,,en:Ireland,,,591.0g,unknown,,100.0,,26.0,,,,,1775141822
390100055,http://world-en.openfoodfacts.org/product/0000390100055/chocolate-peanut-butter-isalean-bar,1650447337,Chocolate Peanut Butter Isalean Bar,,24.0 oz,,,,,,en:us,,,,unknown,,,,,,,,https://images.openfoodfacts.org/images/products/000/039/010/0055/front_en.3.400.jpg,1728050677
100000861,http://world-en.openfoodfacts.org/product/0000100000861/wholemeal-italian-farro-triticum-dicoccum-poggio-del-farro,1718827440,Wholemeal Italian Farro (Triticum Dicoccum),,,,Poggio del Farro,,"No GMOs, Non GMO project",,World,,,,unknown,,,,,,,,,1728358907
1003005104,http://world-en.openfoodfacts.org/product/0001003005104/honning-honung,1705008929,Honning honung,,60 x 8 g,,,,,,en:fr,,,,unknown,,340.0,0.0,83.0,0.0,0.0,,https://images.openfoodfacts.org/images/products/000/100/300/5104/front_fr.3.400.jpg,1774544806
1005343084,http://world-en.openfoodfacts.org/product/0001005343084/sirop-de-dattes,1764606020,Sirop de dattes,,,,,,,,en:fr,,,,unknown,,333.0,0.0,87.0,3.0,,,https://images.openfoodfacts.org/images/products/000/100/534/3084/front_fr.3.400.jpg,1774558183
477,http://world-en.openfoodfacts.org/product/00000477/miel-de-lavande,1575352927,Miel de lavande,,,,,"Petit-déjeuners, Produits à tartiner, Produits à tartiner sucrés, Produits de la ruche, Produits d'élevages, Édulcorants, Miels, Miels de lavande",Point Vert,,en:be,,,,unknown,2.0,,,,,,Lavender honeys,https://images.openfoodfacts.org/images/products/invalid/front_fr.3.400.jpg,1727970815
1435,http://world-en.openfoodfacts.org/product/00001435/creatine,1769934671,Creatine,,,,,,,,en:United States,,,,unknown,,,,,,,,https://images.openfoodfacts.org/images/products/000/000/000/1435/front_en.6.400.jpg,1769934674
1450000501,http://world-en.openfoodfacts.org/product/0001450000501/lightly-breaded-crispy-green-beans-birds-eye,1763427977,Lightly Breaded Crispy Green Beans,,,,Birds Eye,,,,en:United States,,,24 piece (84 g),unknown,,,,,,,,,1763427977
123457899,http://world-en.openfoodfacts.org/product/0000123457899/tenders-kfc,1727472567,Tenders kfc,,,,,,,,en:Ireland,,,50.0g,unknown,,306.0,18.0,0.5,21.0,2.5,,,1775141793
452418594,http://world-en.openfoodfacts.org/product/0000452418594/cornatur-hack-migros,1716486172,Cornatur hack,,,,Migros,,,,us,Migros,,80.0g,unknown,,,,,,,,https://images.openfoodfacts.org/images/products/000/045/241/8594/front_en.4.400.jpg,1729257941
229173750,http://world-en.openfoodfacts.org/product/0000229173750/zesty-italian-blue-menu,1692748759,Zesty Italian,,,,Blue menu,,,,en:Ireland,,,30.0g,unknown,,33.3333333333333,,,0.333333338300387,,,,1775141839
351,http://world-en.openfoodfacts.org/product/00000351/vegan-plus-z,1624553748,Vegan plus-z,,,,,,"Senza glutine, Vegetariano, Vegano, Senza zuccheri aggiunti",,en:it,,,,unknown,,,,,,,,https://images.openfoodfacts.org/images/products/invalid/front_it.3.400.jpg,1728035450
112307254,http://world-en.openfoodfacts.org/product/0000112307254/cepes-bolets-a-la-creme-fraiche-liebig,1629215901,cèpes & Bolets à la crème fraîche,,1 litre,Brique,Liebig,Potage,"Sans colorants, Sans conservateurs",,en:France,,"Eau, lait écrémé reconstitué, crème fraîche 3,7%, amidon transformé de maïs, cèpe réhydraté 2,5%, bolet réhydraté 2,5%, arômes (contient: lait), sel. Peut contenir des traces de céleri, blé (gluten) 1Le et d'euf.",,c,4.0,29.7942,1.022385,1.241335,0.94851,1.2550544,fr:potage,https://images.openfoodfacts.org/images/products/000/011/230/7254/front_fr.4.400.jpg,1774544834
1005804267,http://world-en.openfoodfacts.org/product/0001005804267/extra-chilli-omacka,1770811131,EXTRA CHILLI OMACKA,,,,,,,,en:fr,,,,unknown,,,,,,,,https://images.openfoodfacts.org/images/products/000/100/580/4267/front_fr.3.400.jpg,1770811134
12942,http://world-en.openfoodfacts.org/product/00012942/chicken-cheese-tamales-trader-joe-s,1594657915,CHICKEN & CHEESE TAMALES,,10 oz,,TRADER JOE'S,Sandwiches,,,en:us,,"Water, Corn Masa Flour (Corn Masa Flour, Trace of Lime), Boneless Skinless Chicken Breast, Vegetable Oil (Canola Oil and/or Soybean Oil), Corn, Cheddar Cheese (Pasteurized Milk, Cheese Culture, Salt, Microbial Enzyme, Annatto Extract [for Color]), Roasted Red Bell Peppers, Masa Seasoning Blend (Salt, Spices), Chicken Seasoning Blend (Spices, Salt, Garlic Powder, Sugar), Green Chiles, Modified Cornstarch, Cornstarch, Cilantro, Salt, Carrageenan.",,c,4.0,219.298245614035,8.45070422535211,0.704225352112676,6.33802816901408,1.3556338028169,Sandwiches,https://images.openfoodfacts.org/images/products/000/000/001/2942/front_en.20.400.jpg,1778119600
1404586602,http://world-en.openfoodfacts.org/product/0001404586602/fix-fur-geschnetzeltes-zuricher-art-le-gusto,1678194567,fix für Geschnetzeltes Züricher Art,,40 g,,le gusto,,"Nutriscore, Nutriscore B",,en:Germany,,,,unknown,,,,,,,,https://images.openfoodfacts.org/images/products/000/140/458/6602/front_de.3.400.jpg,1678205197
790200192,http://world-en.openfoodfacts.org/product/0000790200192/dark-chocolate-with-almonds,1537286783,Dark Chocolate with Almonds,,,,,,No gluten,,United States,,,,unknown,,,,,,,,https://images.openfoodfacts.org/images/products/000/079/020/0192/front_en.12.400.jpg,1664912888
410000201,http://world-en.openfoodfacts.org/product/0000410000201/pacific-cod-good-chop,1765113555,Pacific Cod,,,,Good Chop,,,,en:United States,,,,unknown,,,,,,,,,1765113555
10748,http://world-en.openfoodfacts.org/product/00010748/bunte-festtags-schupfnudeln-bofrost,1637071747,Bunte Festtags-Schupfnudeln,,900g,,"Bofrost, Bofrots",,,,en:germany,,,,unknown,,,,,,,,,1728041685
4645,http://world-en.openfoodfacts.org/product/00004645/tisane-bio-menthe-digestive-bama-dagligvare-as,1711716553,Tisane bio menthe digestive,,1000 g,,Bama dagligvare  as,,No gluten,,en:fr,,,,unknown,,,,,,,,https://images.openfoodfacts.org/images/products/000/000/000/4645/front_fr.8.400.jpg,1733360661
1912000065,http://world-en.openfoodfacts.org/product/0001912000065/jumbo-cashews-rosted-salted,1682799209,Jumbo cashews rosted salted,,,,,,,,en:us,,,,unknown,,,,,,,,https://images.openfoodfacts.org/images/products/000/191/200/0065/front_en.3.400.jpg,1682799213
1324990084,http://world-en.openfoodfacts.org/product/0001324990084/spicy-chicken-arrabbiata-with-pasta-spinach-fuelhub,1750597760,Spicy Chicken Arrabbiata With Pasta & Spinach,,,,Fuelhub,,,,en:United Kingdom,,,1 portion (465 g),unknown,,119.139784946237,1.33333333333333,1.54838709677419,13.5483870967742,,,,1774655418
501100696,http://world-en.openfoodfacts.org/product/0000501100696/isadelight,1580666145,Isadelight,,,,,,,,en:es,,,,unknown,,526.0,35.0,26.0,8.8,0.0,,https://images.openfoodfacts.org/images/products/000/050/110/0696/front_es.3.400.jpg,1774648620
210002306,http://world-en.openfoodfacts.org/product/0000210002306/boneless-pork-chops-good-chop,1745694100,Boneless Pork Chops,,32 oz,,Good Chop,,,,en:United States,,,1 porkchop (226.796 g),unknown,,198.41619781654,7.9366479126616,0.0,29.9828921144994,0.187393075715621,,https://images.openfoodfacts.org/images/products/000/021/000/2306/front_en.4.400.jpg,1775519399
1121303007,http://world-en.openfoodfacts.org/product/0001121303007/vinegar-apple-cider,1587644358,"Vinegar, apple cider",,,,,"Condiments, Sauces, Groceries",,,United States,,Apple cider vinegar (diluted with water to 5% acidity).,1 Tbsp (15 ml),a,1.0,,,,,,Groceries,,1728036412
4055,http://world-en.openfoodfacts.org/product/00004055/klementin-stykk-bama-dagligvare-as,1733358822,Klementin stykk,,110 g,,Bama dagligvare  as,,No gluten,,en:Norway,,,,unknown,,,,,,,,,1733358822
1121302642,http://world-en.openfoodfacts.org/product/0001121302642/raw-bay-scallops-spartan,1489090313,Raw bay scallops,,,,Spartan,"Seafood, Frozen foods, Frozen seafood",,,United States,,Bay scallops (farm raised).,4 ONZ (113 g),a,1.0,,,,,,Frozen seafood,,1728036409
2552,http://world-en.openfoodfacts.org/product/00002552/nahrshake-herbalife,1719040915,Nährshake,,,,Herbalife,,,,en:Ireland,,,26.0g,unknown,,357.0,8.0,25.0,35.0,,,https://images.openfoodfacts.org/images/products/000/000/000/2552/front_en.3.400.jpg,1775141849
4801,http://world-en.openfoodfacts.org/product/00004801/bratwurst-thuringer-gebruht,1694372446,Bratwurst Thüringer gebrüht,,1pcs,,,en:sausages,,,"Germany, en:france",,,,unknown,,,,,,,Sausages,https://images.openfoodfacts.org/images/products/000/000/000/4801/front_de.3.400.jpg,1771285174
2401,http://world-en.openfoodfacts.org/product/00002401/shakeology-beach-bodi,1704327005,Shakeology,,,,Beach bodi,,en:vegan,,,,,30.0g,unknown,,,,,,,,https://images.openfoodfacts.org/images/products/000/000/000/2401/front_en.3.400.jpg,1728037400
6020,http://world-en.openfoodfacts.org/product/00006020/eau-de-coco,1777110609,Eau de coco,,,,,,,,en:fr,Mercadona,,,unknown,,20.0,0.0,4.0,0.0,,,https://images.openfoodfacts.org/images/products/000/000/000/6020/front_fr.6.400.jpg,1777258345
10201,http://world-en.openfoodfacts.org/product/00010201/wizenmehl-type-550-heimatsmuhle,1666538134,Wizenmehl Type 550,,1kg,,Heimatsmühle,,,,en:germany,,,,unknown,,341.0,1.1,0.5,9.8,,,https://images.openfoodfacts.org/images/products/000/000/001/0201/front_de.3.400.jpg,1774549344
2144,http://world-en.openfoodfacts.org/product/00002144/gummidrops-eukalyptus-menthol-doc-morris,1621155949,Gummidrops Eukalyptus Menthol,,,,Doc Morris,,,,en:Ireland,,,150.0g,unknown,,340.0,,50.0,,,,,1775141836
925957654,http://world-en.openfoodfacts.org/product/0000925957654/amin-21k-cacao,1635623220,Amin 21K cacao,,,,,,,,en:it,,,,unknown,,0.0,0.0,0.0,0.0,0.0,,https://images.openfoodfacts.org/images/products/000/092/595/7654/front_it.3.400.jpg,1774922707
100000519,http://world-en.openfoodfacts.org/product/0000100000519/dry-sliced-portabella-mushrooms-phillips-gourmet,1718833897,Dry Sliced Portabella Mushrooms,,,,Phillips Gourmet,,"No GMOs, Non GMO project",,World,,,,unknown,,,,,,,,,1728358929
1006299713,http://world-en.openfoodfacts.org/product/0001006299713/strawberry-rhubarb,1778860734,Strawberry & Rhubarb,,,,,,,,en:fr,,,,unknown,,4.0,0.5,0.5,0.5,,,https://images.openfoodfacts.org/images/products/000/100/629/9713/front_fr.3.400.jpg,1778860738
406600042,http://world-en.openfoodfacts.org/product/0000406600042/pear-nectar-hero,1489141615,Pear Nectar,,,,Hero,"Plant-based foods and beverages, Beverages, Plant-based beverages, Fruit-based beverages, Juices and nectars, Fruit nectars, Pear nectars",,,United States,,"Pear puree 50%, water, sugar, lemon juice from concentrate.",240 ml (1 cup),e,3.0,,,,,,Pear nectars,,1728038094
2655,http://world-en.openfoodfacts.org/product/00002655/lean-cuisine-macncheese,1644175221,Lean cuisine macncheese,,,,Lean cuisine,,,,en:Ireland,,,1.0g,unknown,,280.0,7.0,4.0,18.0,,,,1775141858
6900,http://world-en.openfoodfacts.org/product/00006900/truffes-fantaisie-biologiques,1702328402,Truffes Fantaisie Biologiques,,,,,"Snacks, Snacks sucrés, Cacao et dérivés, Confiseries, Confiseries chocolatées, Bonbons de chocolat, Truffes en chocolat","Commerce équitable, Bio, Bio européen, Fairtrade International, Max Havelaar",,"Frankreich, Germany",,,,unknown,,639.0,53.0,32.0,4.2,,Chocolate truffles,https://images.openfoodfacts.org/images/products/000/000/000/6900/front_fr.3.400.jpg,1774530026
1000322695,http://world-en.openfoodfacts.org/product/0001000322695/croissant,1647073750,Croissant,,3.0 kg,,,"Snacks,Snacks sucrés,en:Sweet pastries and pies,Viennoiseries,Croissants,Croissants au beurre",,,France,,,,e,,30.0,24.0,5.4,8.8,1.2,Butter croissants,https://images.openfoodfacts.org/images/products/000/100/032/2695/front_fr.3.400.jpg,1774544745
1000635867,http://world-en.openfoodfacts.org/product/0001000635867/sauce-korma-bombay-rose,1643808103,Sauce korma,,,,Bombay rose,,,,us,,,100.0g,unknown,,,,,,,,,1728041016
300000626,http://world-en.openfoodfacts.org/product/0000300000626/mortadelice-piquante-isla-delice,1638818276,Mortadelice piquante,,,,Isla Délice,,Halal,,fr,,,12.0g,unknown,,190.0,11.1,1.4,11.5,2.1,,https://images.openfoodfacts.org/images/products/000/030/000/0626/front_en.4.400.jpg,1774544900
1790442065,http://world-en.openfoodfacts.org/product/0001790442065/mila-yogurt-da-bere-fragola,1552645918,Mila Yogurt da bere Fragola,Yogurt fragola,200 ml,Plastica,Mila,"Latticini, Cibi fermentati, Dessert, Prodotti lattiero-caseari fermentati, Dolci a base di latte, en:Fermented dairy desserts, en:Fermented dairy desserts with fruits, Yogurt, Yogurt alla frutta, Yogurt alla fragola","Senza glutine, Senza conservanti",Italia,Italia,,"Yogurt, preparazione alla fragola 7% (zucchero, fragole 37,5%, aromi, addensante: pectina, succo concentrato di sambuco, correttore di acidità: acido citrico), zucchero.",,b,4.0,77.3,1.3,12.4,3.0,0.09,Strawberry yogurts,https://images.openfoodfacts.org/images/products/000/179/044/2065/front_it.6.400.jpg,1773321863
501372813,http://world-en.openfoodfacts.org/product/0000501372813/grr,1637227105,Grr,,,,,,,,gb,,,300.0g,unknown,,3.0,5.0,,5.0,,,https://images.openfoodfacts.org/images/products/000/050/137/2813/front_en.3.400.jpg,1774651689
1269361376,http://world-en.openfoodfacts.org/product/0001269361376/harrisa-chicken-with-sweet-potato-peppers-tahini-fuelhub,1744198326,"Harrisa Chicken with Sweet Potato, Peppers & Tahini",,,,FuelHub,,,,en:United Kingdom,,,1 portion (426 g),unknown,,128.169014084507,3.52112676056338,7.04225352112676,10.3286384976526,0.438380281690141,,,1774654416
184670242,http://world-en.openfoodfacts.org/product/0000184670242/traditional-wholegrains-porridge-stoats,1747293797,Traditional Wholegrains Porridge,,,,Stoats,,,,en:France,,,1 portion (100 g),unknown,,361.0,6.0,14.7,17.6,0.365,,,1774553597
1006035612,http://world-en.openfoodfacts.org/product/0001006035612/bouchee-veganes-croustillante,1775552771,Bouchée veganes croustillante,,1 kg,,,,,,en:fr,,,,unknown,,,,,,,,https://images.openfoodfacts.org/images/products/000/100/603/5612/front_fr.3.400.jpg,1777041467
6352,http://world-en.openfoodfacts.org/product/00006352/thunfisch-mit-chilli,1728644562,Thunfisch mit Chilli,,2pcs,,,,,,en:germany,,,,unknown,,,,,,,,https://images.openfoodfacts.org/images/products/000/000/000/6352/front_de.6.400.jpg,1728644563
380102202,http://world-en.openfoodfacts.org/product/0000380102202/protein-meal-replacement-shake,1669493874,Protein meal replacement shake,,,,,,,,en:ca,,,,unknown,,403.50877192982,10.526315789474,14.035087719298,42.105263157895,0.83333333333333,,https://images.openfoodfacts.org/images/products/000/038/010/2202/front_fr.3.400.jpg,1775067599
934847548,http://world-en.openfoodfacts.org/product/0000934847548/neviacin-1000,1671185451,Neviacin 1000,,,,,,Senza glutine,,en:it,,,,unknown,,215.0,0.0,7.2,1.3,1.53,,https://images.openfoodfacts.org/images/products/000/093/484/7548/front_it.3.400.jpg,1774922717
1630005137,http://world-en.openfoodfacts.org/product/0001630005137/noix-de-cajou-crues,1599592082,Noix de cajou crues,,,,,"Aliments et boissons à base de végétaux, Aliments d'origine végétale, Fruits à coques et dérivés, Fruits à coques, Noix de cajou",,,en:ca,,,,unknown,,574.0,42.0,6.0,14.0,,Cashew nuts,https://images.openfoodfacts.org/images/products/000/163/000/5137/front_fr.3.400.jpg,1775039747
2891,http://world-en.openfoodfacts.org/product/00002891/huile-essentielle-de-menthe-poivree-de-provence,1591608070,Huile essentielle de menthe poivrée de Provence,,,,,,,,en:fr,,,,unknown,,,,,,,,,1728037518
6445,http://world-en.openfoodfacts.org/product/00006445/saint-hubert-saint-hibert,1641403453,Saint Hubert,,,,Saint Hibert,,,,fi,,,5.0g,unknown,,,,,,,,,1728054867
390103511,http://world-en.openfoodfacts.org/product/0000390103511/tri-release-protein-isagenix,1748802182,Tri Release Protein,,526 g,,Isagenix,,,,en:Canada,,,1 portion (18.8 g),unknown,,372.340425531915,5.31914893617021,,63.8297872340425,0.997340425531915,,https://images.openfoodfacts.org/images/products/000/039/010/3511/front_en.3.400.jpg,1775069291
200000016,http://world-en.openfoodfacts.org/product/0000200000016/puree-de-noix-de-cajou-crues-bio-kazidomi,1606073046,Purée de Noix de Cajou Crues Bio,,325 g,Glass jar,Kazidomi,"Aliments et boissons à base de végétaux, Aliments d'origine végétale, Produits à tartiner, Fruits à coques et dérivés, Pâtes à tartiner végétales, Purées d'oléagineux, Beurres de fruits à coques, Purées de noix de cajou, Pâte de noix","Bio, Agriculture EU, B-Corp",,"en:be, France, Monde",Kazidomi.com,"Noix de cajou crues (100%) (*issu de l'agriculture bio - logique). Peut contenir des traces de fruits à coque, d'arachides et de graines de sésame.",,b,,565.0,43.9,5.9,18.1,0.0,fr:pate-de-noix,https://images.openfoodfacts.org/images/products/000/020/000/0016/front_fr.8.400.jpg,1773432749
5867,http://world-en.openfoodfacts.org/product/00005867/tipoo,1749884954,tipoo,,,,,,,,en:Singapore,,,,unknown,,,,,,,,,1749884954
1000666164,http://world-en.openfoodfacts.org/product/0001000666164/original-duck-stick-tasty-duck,1759948372,Original Duck Stick,,1 oz,,Tasty Duck,,,,en:United States,,,1 portion (28.349 g),unknown,,,,,,,,https://images.openfoodfacts.org/images/products/000/100/066/6164/front_en.3.400.jpg,1759950947
1121300716,http://world-en.openfoodfacts.org/product/0001121300716/concord-jelly-grape-spartan,1489135223,"Concord jelly, grape",,,,Spartan,"Plant-based foods and beverages, Plant-based foods, Breakfasts, Spreads, Plant-based spreads, Sweet spreads, Fruit and vegetable preserves",,,United States,,"Concord grape juice, high fructose corn syrup, corn syrup, fruit pectin, citric acid, sodium citrate.",1 Tbsp (20 g),d,4.0,,,,,,Fruit and vegetable preserves,,1728036397
981363726,http://world-en.openfoodfacts.org/product/0000981363726/perfect-cream,1618949487,Perfect cream,,,,,,"Senza glutine, Senza olio di palma",,en:it,,,,unknown,,531.0,38.700000762939,0.30000001192093,27.0,0.1,,https://images.openfoodfacts.org/images/products/000/098/136/3726/front_it.3.400.jpg,1774922533
356007010,http://world-en.openfoodfacts.org/product/0000356007010/fromage-de-brebis-carrefour,1606646353,Fromage de brebis,,,,Carrefour,,,,en:france,Carrefour,,,unknown,,,,,,,,,1728359217
2141,http://world-en.openfoodfacts.org/product/00002141/jeli-sendwich-gavrilovi%C4%87-kg,1767597427,jeli sendwich Gavrilović kg,,,,,,,,en:Croatia,,,,unknown,,,,,,,,,1767597427
7870,http://world-en.openfoodfacts.org/product/00007870/pepites-scamark-b-lack,1614676673,Pepites scamark B,,,,lack,,,,"Frankreich, Germany",,,,unknown,,249.0,13.0,0.7,13.0,1.1,,https://images.openfoodfacts.org/images/products/000/000/000/7870/front_fr.8.400.jpg,1774469041
1001686495,http://world-en.openfoodfacts.org/product/0001001686495/roc-avellanas,1666545780,Roc avellanas,,,,,,,,France,,,,unknown,,569.0,39.0,10.0,7.3,0.01,,https://images.openfoodfacts.org/images/products/000/100/168/6495/front_fr.3.400.jpg,1774544773
979798206,http://world-en.openfoodfacts.org/product/0000979798206/low-carb-baketti-proteici,1645111705,Low carb baketti proteici,,,,,,,,en:it,,,,unknown,,400.0,18.8,0.2,40.0,0.8,,https://images.openfoodfacts.org/images/products/000/097/979/8206/front_it.3.400.jpg,1774922554
717654062,http://world-en.openfoodfacts.org/product/0000717654062/chicken-rice-bowl-kahiki,1765311149,Chicken Rice Bowl,,,,Kahiki,,,,en:United States,,,1 bowl (354 g),unknown,,132.768361581921,2.54237288135593,5.93220338983051,7.6271186440678,0.57909604519774,,,1778142563
5909,http://world-en.openfoodfacts.org/product/00005909/chocolat,1663371427,chocolat,,1kg,,,,,,en:french-guiana,,,,unknown,,,,,,,,,1728053947
984797946,http://world-en.openfoodfacts.org/product/0000984797946/delizia-meal-bar,1671811598,Delizia Meal Bar,,,,,,,,en:it,,,,unknown,,396.0,12.0,30.0,30.0,,,https://images.openfoodfacts.org/images/products/000/098/479/7946/front_it.3.400.jpg,1774922517
1000022911,http://world-en.openfoodfacts.org/product/0001000022911/fuet-ecologico-jamones-casa-conejos,1598706988,Fuet ecológico,,,,Jamones Casa Conejos,"Productos a base de carne, Carnes, Embutidos, Salchichas, Preparados de carne","Ecológico, Ecológico UE, ES-ECO-006-AR, Comité Aragonés de Agricultura Ecologica",European Union,Spain,,"Carne de cerdo ecologico, sal marina, pimienta ecológica y aroma natural, con tripa natural de cerdo y listo para consumir.",,e,4.0,320.0,20.7,0.8,31.0,4.8,Sausages,https://images.openfoodfacts.org/images/products/000/100/002/2911/front_es.3.400.jpg,1774636638
1245796365,http://world-en.openfoodfacts.org/product/0001245796365/qasdul-hindi,1586702172,Qasdul Hindi,,,,,,,,en:Belgium,,,,unknown,,,,,,,,,1728042362
1989,http://world-en.openfoodfacts.org/product/00001989/macadamia-butter-toffee,1537542510,Macadamia butter toffee,,250g,,Macadamia,en:confectioneries,"Bio, Bio européen, SE-EKO-03",,"France,",,,,unknown,,,,,,,Confectioneries,https://images.openfoodfacts.org/images/products/000/000/000/1989/front_fr.12.400.jpg,1760862606
210403499,http://world-en.openfoodfacts.org/product/0000210403499/bar,1619686024,Bar,,,,,,,,en:Ireland,,,100.0g,unknown,,203.0,,,,,,,1775141835
1001887151,http://world-en.openfoodfacts.org/product/0001001887151/gunnies-multi-vitamines,1674206624,Gunnies multi vitamines,,,,,,,,en:fr,,,,unknown,,0.0,0.0,0.0,0.0,0.0,,https://images.openfoodfacts.org/images/products/000/100/188/7151/front_fr.3.400.jpg,1774544783
2677,http://world-en.openfoodfacts.org/product/00002677/queso-iberitos,1650714461,Queso,,,,Iberitos,,,,España,,,,unknown,,,,,,,,https://images.openfoodfacts.org/images/products/000/000/000/2677/front_es.3.400.jpg,1745681174
1059,http://world-en.openfoodfacts.org/product/00001059/galleta-deco-chandras,1760494374,galleta Deco,,60 g,,Chandras,,,,en:spain,,,,unknown,,612.0,49.0,,21.0,,,https://images.openfoodfacts.org/images/products/000/000/000/1059/front_es.6.400.jpg,1778173180
980203853,http://world-en.openfoodfacts.org/product/0000980203853/30-count-assorted-white-chocolate-cupcakes-member-s-mark,1731854044,30 Count Assorted White & Chocolate Cupcakes,,,,Member’s Mark,,,,en:United States,,,1 Cupcake (82 g),unknown,,,,,,,,,1731854096
250632969,http://world-en.openfoodfacts.org/product/0000250632969/mehrkomponeneten-protein-90-c6-banane-allfitnessfactory-de,1484292612,Mehrkomponeneten Protein 90 C6 Banane,Mehrkomponeneten Protein in Bananen Geschmack,"2,5 kg",en:Bucket,allfitnessfactory.de,"Nahrungsergänzungsmittel, Nahrungsergänzungen für Bodybuilder, Proteinpulver",,Germany,Deutschland,allfitnessfactory.de,"Proteinmischung (_Sojaprotein_, _Weizenprotein_, _Molkenprotein_, _Wheyprotein_), _Milchprotein_, _Hühnereiweiss_, Kakaopulver (nur Sorte Schoko), Aroma, Pflanzenöl, Süßungsmittel Natriumsaccharin und Acesulfam-K.",20 g,not-applicable,4.0,361.0,1.0,,85.5,,Protein powders,https://images.openfoodfacts.org/images/products/000/025/063/2969/front_de.3.400.jpg,1774491907
719008861,http://world-en.openfoodfacts.org/product/0000719008861/pain-pave-intermarche,1540234306,Pain,,,,Pavé Intermarché,"Aliments et boissons à base de végétaux,Aliments d'origine végétale,Céréales et pommes de terre,Pains",,,France,,,,unknown,,,,,,,Breads,https://images.openfoodfacts.org/images/products/000/071/900/8861/front_fr.3.400.jpg,1736177602
1419241435,http://world-en.openfoodfacts.org/product/0001419241435/gurke,1757440568,Gurke,,,,,,,,en:germany,,,,unknown,,,,,,,,,1757440568
390102748,http://world-en.openfoodfacts.org/product/0000390102748/isalean-plant-based-whole-blend-protein-shake-vanilla-chai,1645121921,Isalean Plant-Based Whole Blend Protein Shake (Vanilla Chai),,,,,,,,en:us,,,,unknown,,,,,,,,https://images.openfoodfacts.org/images/products/000/039/010/2748/front_en.3.400.jpg,1728050706
4398,http://world-en.openfoodfacts.org/product/00004398/collagen-peptides-marigold,1717504569,Collagen peptides,,,,Marigold,,"Halal, Kosher, en:no-gluten",,en:Ireland,,,30.0g,unknown,,99.0,0.310000002384186,,22.0,,,https://images.openfoodfacts.org/images/products/000/000/000/4398/front_en.3.400.jpg,1775141640
12409,http://world-en.openfoodfacts.org/product/00012409/bagnat-thon-crous,1573212227,Bagnat thon,,"296,5g",,Crous,"Sandwichs, Sandwichs au poisson, Sandwichs au thon",,,en:fr,,"PAIN BAGNAT 40,5% : Farine de BLE tendre et BLE dur, eau, huiles végétales [olive, colza], levure, sel, émulsifiants : E472e, agent de traitement de la farine E300, levure désactivée. Garniture 59,5% : THON au naturel 28,3% (THON, eau, sel), tomate 17%, salade batavia 17%, OEUF dur 15%, MAYONNAISE 14,2% (huile de colza 68,5%, eau, vinaigre, jaune d'OEUF frais 5%, MOUTARDE de Dijon [eau, graine de MOUTARDÉ, vinaigre sel antioxydant : DISULFITE de potassium, acidifiantacide citrique], sei/ sucre, amidon modifié, épaississant: gomme xanthane, acidifiant : E330, antioxydant : E385, colorants : lutéine et extrait de paprika, arômes), tapenade noire 8,5% (olives noires 80%, huile d'olive vierge extra 0%, câpres, pâte d'ANCHOIS [ANCHOIS, huile d'olive] ail, basile jus concentré de citron, herbes de Provence, poivre). (% exprimés sur le garniture)","296,5",a,4.0,213.0,10.2,0.9,8.6,1.1,Tuna sandwiches,https://images.openfoodfacts.org/images/products/000/000/001/2409/front_fr.3.400.jpg,1773940778
1003258095,http://world-en.openfoodfacts.org/product/0001003258095/soy-topping,1710600773,Soy topping,,,,,,,,en:fr,,,,unknown,,,,,,,,https://images.openfoodfacts.org/images/products/000/100/325/8095/front_fr.3.400.jpg,1728041243
946111501,http://world-en.openfoodfacts.org/product/0000946111501/freeze-dried-pineapple-chunks,1587642496,Freeze dried pineapple chunks,,,,,Snacks,,,United States,,Pineapple.,0.5 cup (10 g),c,1.0,,,,,,Snacks,,1587642496
1773,http://world-en.openfoodfacts.org/product/00001773/bodylab-whey-protein-powder,1724912216,Bodylab whey protein powder,,,,,,,,en:Ireland,,,25.0g,unknown,,385.0,5.0,5.0,75.0,,,,1775141490
204130001,http://world-en.openfoodfacts.org/product/0000204130001/power-boost-ariix,1611404904,Power Boost,Polvere,403 g,,"Ariix, Power Boost","Sciroppi,en:Concentrate syrup without sugar and with artificial sweeteners,Shake",,,Itália,,"Cacao a ridotto contenuto di grassi in polvere (Theobroma cacao, seme), agave in polvere (Agave tequilana, stelo floreale), latte di cocco in polvere (Cocos nucifera, frutto), trigliceridi a media catena (a base di cocco), miscela di aminoacidi a catena ramificata [(L-Leucina, L-Isoleucina, L-Valina), emulsionante (lecitina di soia)], L-Glutammina, aroma naturale, emulsionante (lecitina), addensante (gomma di guar), edulcorante (glicosidi steviolici), sale (cloruro di sodio).",,unknown,4.0,,,,,,it:shake,https://images.openfoodfacts.org/images/products/000/020/413/0001/front_it.23.400.jpg,1763917696
364786039,http://world-en.openfoodfacts.org/product/0000364786039/prajitura-umplutura-vanilie-7-days-mondelez,1721378848,Prajitura umplutura vanilie,,32g,,7 days mondelez,,,,en:romania,,,,unknown,,,,,,,,https://images.openfoodfacts.org/images/products/000/036/478/6039/front_ro.3.400.jpg,1721378855
1003159126,http://world-en.openfoodfacts.org/product/0001003159126/ecrase-pois-casses-et-chataignes,1707411810,Écrasé pois cassés et châtaignes,,,,,,,,en:fr,,,,unknown,,115.0,4.0,3.0,5.0,1.0,,https://images.openfoodfacts.org/images/products/000/100/315/9126/front_fr.3.400.jpg,1774544814
935184390,http://world-en.openfoodfacts.org/product/0000935184390/aminoday,1631023277,Aminoday,,,,,,,,en:it,,,,unknown,,0.0,0.0,0.0,0.0,0.0,,https://images.openfoodfacts.org/images/products/000/093/518/4390/front_it.3.400.jpg,1774922717
1200005880,http://world-en.openfoodfacts.org/product/0001200005880/pepsi,1666022007,pepsi,,,,,,,,en:United Arab Emirates,,,,unknown,,,,,,,,,1728042162
989674801,http://world-en.openfoodfacts.org/product/0000989674801/neolatte-bio-1-unifarm,1774187205,neolatte bio 1,,,,unifarm,,en:eu-organic,,en:italy,,,,unknown,,,,,,,,https://images.openfoodfacts.org/images/products/000/098/967/4801/front_it.3.400.jpg,1774364697
4661,http://world-en.openfoodfacts.org/product/00004661/chlorelle-premium-poudre,1706100880,Chlorelle Premium -Poudre,,,,,,en:pefc,,us,,,5.0g,unknown,,,,,,,,https://images.openfoodfacts.org/images/products/000/000/000/4661/front_en.11.400.jpg,1754888590
78,http://world-en.openfoodfacts.org/product/00000078/whey-protein-isolate-now-sports,1516565765,Whey Protein Isolate,,2268 g,,NOW SPORTS,"Dietary supplements, Bodybuilding supplements, Protein powders",,,United States,,,,not-applicable,,,,,,,Protein powders,https://images.openfoodfacts.org/images/products/invalid/front_en.3.400.jpg,1743677534
1003629506,http://world-en.openfoodfacts.org/product/0001003629506/kokosanki-biscuits-a-la-noix-de-coco-et-chocolat,1719601469,Kokosanki biscuits à la noix de coco et chocolat,,,,,,,,en:fr,,,,unknown,,466.0,24.0,46.0,4.6,,,https://images.openfoodfacts.org/images/products/000/100/362/9506/front_fr.3.400.jpg,1774544825
414519105,http://world-en.openfoodfacts.org/product/0000414519105/almond-cranberry-green-wise,1585607802,Almond cranberry,,5,,"Green wise, Publix",,No gluten,,en:United States,,,1,unknown,,,,,,,,,1728051585
344747456,http://world-en.openfoodfacts.org/product/0000344747456/complete-greens-bulk,1747473916,Complete Greens,,,,Bulk,,,,en:France,,,9 g,unknown,,311.111111111111,2.22222222222222,7.77777777777778,41.1111111111111,3.61111111111111,,https://images.openfoodfacts.org/images/products/000/034/474/7456/front_en.3.400.jpg,1774553667
9435,http://world-en.openfoodfacts.org/product/00009435/chicken-salad,1714584974,Chicken salad,,,,,,,,nz,,,283.0g,unknown,,,,,,,,,1728059287
2000000301,http://world-en.openfoodfacts.org/product/0002000000301/filet-de-maquereau-fume,1560424581,Filet de maquereau fumé,,,,,"Produits de la mer,Poissons et dérivés,Poissons,Poissons gras,Filets de poissons,Maquereaux,Filets de maquereaux,Maquereaux fumés",,,France,,,,e,,340.0,29.0,0.1,19.5,2.3,Smoked mackerels,,1774041875
101102198,http://world-en.openfoodfacts.org/product/0000101102198/collagen-elixir,1663120933,Collagen Elixir,,10 x 50 ml,,,,,,en:france,,,,unknown,,104.0,0.0,14.0,10.0,0.14,,https://images.openfoodfacts.org/images/products/000/010/110/2198/front_fr.3.400.jpg,1774544827
201907181,http://world-en.openfoodfacts.org/product/0000201907181/2-maxi-best-of-chicken-mcnuggets,1579386449,2 maxi best of chicken Mcnuggets,,,,,en:chicken-nuggets,,,en:fr,,,,unknown,,0.0,,,,0.0,Chicken nuggets,https://images.openfoodfacts.org/images/products/000/020/190/7181/front_fr.3.400.jpg,1773691538
183939245,http://world-en.openfoodfacts.org/product/0000183939245/assurance-wafa,1737232468,assurance,,10,,wafa,,,,en:france,,,,unknown,,,,,,,,https://images.openfoodfacts.org/images/products/000/018/393/9245/front_fr.3.400.jpg,1737232516
651563206,http://world-en.openfoodfacts.org/product/0000651563206/brussel-sprouts-halves-with-tuxedo-sesame-seed-garnish-ocean-mist-farms,1741202042,Brussel Sprouts Halves with Tuxedo Sesame Seed Garnish,,,,Ocean Mist Farms,,,,en:United States,,,1 cup (85 g),unknown,,,,,,,,https://images.openfoodfacts.org/images/products/000/065/156/3206/front_en.4.400.jpg,1769144171
6897,http://world-en.openfoodfacts.org/product/00006897/beignes-a-l-ancienne,1657470162,Beignes à l'ancienne,,,,,,,,en:ca,,,,unknown,,300.0,7.5,22.5,7.5,1.0625,,https://images.openfoodfacts.org/images/products/000/000/000/6897/front_fr.3.400.jpg,1775060664
6231,http://world-en.openfoodfacts.org/product/00006231/pain,1621690045,Pain,,250 g,,,,,,en:fr,,,,unknown,,,,,,0.0,,https://images.openfoodfacts.org/images/products/000/000/000/6231/front_fr.9.400.jpg,1774478437
390101730,http://world-en.openfoodfacts.org/product/0000390101730/isalean-shske-birthday-cake,1634567677,Isalean Shske Birthday Cake,,21 oz,,,,,,en:us,,,,unknown,,,,,,,,https://images.openfoodfacts.org/images/products/000/039/010/1730/front_en.3.400.jpg,1728050690
1607304520,http://world-en.openfoodfacts.org/product/0001607304520/cereale-del-mastro-panettiere-schar,1629999159,Cereale del mastro panettiere,,,,Schar,,,,en:it,,,,unknown,,249.0,6.6,4.1,4.5,0.97,,https://images.openfoodfacts.org/images/products/000/160/730/4520/front_it.3.400.jpg,1774922661
1021247153,http://world-en.openfoodfacts.org/product/0001021247153/chicken-shawarma-with-whole-grain-rice-and-roasted-peppers-fuelhub,1760440763,Chicken Shawarma With Whole-Grain Rice And Roasted Peppers,,,,FuelHub,,,,en:United Kingdom,,,1 portion (412 g),unknown,,143.68932038835,4.61165048543689,2.18446601941748,13.3495145631068,0.286407766990291,,,1774656963
12241,http://world-en.openfoodfacts.org/product/00012241/coeur-de-filet-de-merlu-creme-d-epinards-au-curry-et-butternut,1736421150,Coeur de filet de merlu crème d'épinards au curry et butternut,,,,,,,,en:Ireland,,,310.0g,unknown,,106.451612903226,6.09677419354839,1.80645161290323,8.0,1.5,,,1775142494
1121308893,http://world-en.openfoodfacts.org/product/0001121308893/premium-jurtle-caramel-corn-spartan,1489135230,Premium Jurtle Caramel Corn,,,,Spartan,Snacks,,,United States,,"Dark chocolate flavored confectioners' coating (sugar, vegetable oils [palm kernel and partially hydrogenated palm], cocoa, skim milk, cocoa [processed with alkali], vanilla, natural and artificial flavors, sorbitan tristearate and soy lecithin [emulsifiers], salt), brown sugar, corn syrup, white confectioners' coating (sugar, partially hydrogenated palm kernel oil, nonfat milk powder, soy lecithin [emulsifier], monoglycerides, artificial color [titanium dioxide], artificial flavor), popcorn, roasted salted almonds (whole almonds, peanut oil, salt), roasted salted pecan pieces (pecan pieces, peanut oil, salt), sugar, water, coconut oil (pure coconut oil, beta-carotene), butter (cream, salt), natural flavor, salt, artificial butter flavor, fd&c yellow 5 lake (e102), baking soda (sodium bicarbonate).",0.5 cup (30 g),e,4.0,,,,,,Snacks,,1728036429
433821500,http://world-en.openfoodfacts.org/product/0000433821500/the-best-peanut-butter-cookies-bart-judy-s,1489133905,The Best Peanut Butter Cookies,,28 g,,Bart & Judy's,,,,United States,,"ONLY THE BEST: UN-BLEACHED FLOUR, 100% ORGANIC PEANUT BUTTER, PEANUTS, CREAMERY BUTTER, UN-REFINED SUGAR, WHOLE EGG.",28.000000000000004g,e,1.0,,,,,,Null,,1740179812
1615,http://world-en.openfoodfacts.org/product/00001615/nb-chick-starter-grower-feed-nature-s-best,1718833938,NB Chick Starter/Grower (Feed),,,,Nature's Best,,"Organic, No GMOs, Non GMO project",,World,,,,unknown,,,,,,,,,1728358936
112307269,http://world-en.openfoodfacts.org/product/0000112307269/liebig-bio-veloute-potiron-graines-de-courge,1607106123,Liebig bio velouté potiron & graines de courge,,1l,,Liebig,,"Bio, Bio européen, FR-BIO-10, Fabriqué en France, AB Agriculture Biologique",,en:France,,,,unknown,,,,,,,,https://images.openfoodfacts.org/images/products/000/011/230/7269/front_fr.8.400.jpg,1728041936
800100117,http://world-en.openfoodfacts.org/product/0000800100117/snackdiet,1654597804,Snackdièt,,,,,,,,en:it,,,,unknown,,461.0,16.0,53.0,8.3,,,https://images.openfoodfacts.org/images/products/000/080/010/0117/front_it.3.400.jpg,1774922687
800200013,http://world-en.openfoodfacts.org/product/0000800200013/biscotti-gusto-agrumi,1653157806,Biscotti Gusto Agrumi,,150 g,,,,Senza glutine,,en:it,,,,unknown,,430.0,22.7,11.03,40.1,,,https://images.openfoodfacts.org/images/products/000/080/020/0013/front_it.3.400.jpg,1774922689
17068,http://world-en.openfoodfacts.org/product/00017068/lieu-au-four-avekapeti,1701861206,Lieu au four,,,,Avekapeti,,,,,,,400.0g,unknown,,,,,,,,,1728043533
1006203732,http://world-en.openfoodfacts.org/product/0001006203732/protein-granola,1776769022,Protein granola,,,,,,en:vegan,,en:fr,,,,unknown,,,,,,,,https://images.openfoodfacts.org/images/products/000/100/620/3732/front_fr.3.400.jpg,1777198668
86,http://world-en.openfoodfacts.org/product/00000086/vegan-protein-powder-be-amazing,1579616095,Vegan protein powder,,250 g,,Be amazing,"Cocoa and its products, Dietary supplements, Bodybuilding supplements, Cocoa beans, Protein powders, en:dried-fruits",,Peru,brasil,,leite  egua,0g,not-applicable,,,,,,,Protein powders,https://images.openfoodfacts.org/images/products/invalid/front_fr.10.400.jpg,1745613541
1121302239,http://world-en.openfoodfacts.org/product/0001121302239/dressing-honey-mustard,1587644672,"Dressing, honey mustard",,,,,"Condiments, Sauces, Groceries",,,United States,,"Soybean oil, high fructose corn syrup, distilled vinegar, water, dijon mustard (water, mustard seed, distilled vinegar, salt, white wine, citric acid, tartaric acid, turmeric, spice), honey, egg yolks, sugar, contains less than 2% of spice, xanthan gum, salt, natural flavor, paprika, mustard bran, paprika extract (for color), calcium disodium edta to protect flavor, yellow 5.",2 Tbsp (30 ml),e,4.0,,,,,,Groceries,,1728036406
984797959,http://world-en.openfoodfacts.org/product/0000984797959/delizia-meal-bar,1665800352,Delizia meal bar,,,,,,,,en:it,,,,unknown,,410.0,13.0,35.0,30.0,,,https://images.openfoodfacts.org/images/products/000/098/479/7959/front_it.3.400.jpg,1774922517
1002080160,http://world-en.openfoodfacts.org/product/0001002080160/moutardes-classique,1679505536,Moutardes classique,,,,,en:mustards,,,en:fr,,,,d,,124.0,5.5,6.7,4.9,2.2,Mustards,https://images.openfoodfacts.org/images/products/000/100/208/0160/front_fr.3.400.jpg,1774544788
5002,http://world-en.openfoodfacts.org/product/00005002/organic-tomato-pasre,1596289820,organic tomato pasre,,,,,,,,en:France,,,,unknown,,72.0,0.2,7.0,2.9,0.0,,https://images.openfoodfacts.org/images/products/000/000/000/5002/front_fr.6.400.jpg,1773360668
336913002,http://world-en.openfoodfacts.org/product/0000336913002/butternut-roties-frichti,1708607742,Butternut rôties,,,,Frichti,,,,en:Ireland,,,150.0g,unknown,,67.1399993896484,1.20000004768372,5.65999984741211,0.800000011920929,,,https://images.openfoodfacts.org/images/products/000/033/691/3002/front_en.3.400.jpg,1775141865
100000687,http://world-en.openfoodfacts.org/product/0000100000687/oil-roasted-unsalted-cashews-caro-nut,1718833890,Oil Roasted Unsalted Cashews,,,,Caro Nut,,"No GMOs, Non GMO project",,World,,,,unknown,,,,,,,,,1728358926
944112566,http://world-en.openfoodfacts.org/product/0000944112566/tortilla-chips-al-sapore-di-bacon,1636299639,Tortilla chips al sapore di bacon,,,,,,,,en:it,,,,unknown,,390.0,12.0,1.4,45.0,2.7,,https://images.openfoodfacts.org/images/products/000/094/411/2566/front_it.3.400.jpg,1774922722
931948726,http://world-en.openfoodfacts.org/product/0000931948726/snack-pro,1625298754,Snack pro,,,,,,,,en:it,,,,unknown,,628.0,8.12,0.18,12.24,,,https://images.openfoodfacts.org/images/products/000/093/194/8726/front_it.3.400.jpg,1774922717
108002049,http://world-en.openfoodfacts.org/product/0000108002049/fini-jelly-gomis,1743092445,fini jelly Gomis,,,,fini,,,,en:Algeria,,,,unknown,,,,,,,,,1743092445
7894,http://world-en.openfoodfacts.org/product/00007894/cordon-scamark-c,1614673640,Cordon scamark c,,,,,,,,en:fr,,,,unknown,,235.0,12.0,0.6,13.0,1.3,,https://images.openfoodfacts.org/images/products/000/000/000/7894/front_fr.3.400.jpg,1774469036
12188,http://world-en.openfoodfacts.org/product/00012188/le-tamago-sando-crous-languedoc-roussillon,1570611799,Le Tamago Sando,,"187,5 g",Boîte plastique,"Crous Languedoc Roussillon, Crous Resto'","Sandwichs, Sandwichs aux crudités",,,France,Crous Languedoc Roussillon,"PAIN DE MIE COMPLET 45,9% : Farine complète de BLE 47%, eau, farine de BLE, huile de colza, dextrose, sucre, sel, GLUTEN DE BLE, arôme [contient alcool], levure, vinaigre, conservateur: propionate de calcium, émulsifiant : mono et diglycérides d'acides gras. antioxydant : acide ascorbique. Garniture 54,1% : OEUF dur 26,1%, carottes râpées 19,7%. EMMENTAL en tranche 19,7% (LAIT de vache, sel, ferments LACTIQUES, coagulant), MAYONNAISE 19,7% (huile de colza 68,5%, eau, vinaigre. jaune d'OEUF frais 5%, MOUTARDE de Dijon [eau, graine de MOUTARDE, VInaigre, sel, antioxydant DISULFITE de potassium, acidifiant : acide citrique], sel, sucre. amidon modifié épaississant gomme xanthane, acidifiant : E330, antioxydant : E385, colorants : lutéine et extrait de paprika, arômes), salade batavia 14,8%",187.5g,c,4.0,258.0,17.0,2.6,8.9,0.94,Raw vegetable sandwiches,https://images.openfoodfacts.org/images/products/000/000/001/2188/front_fr.16.400.jpg,1773874351
344035966,http://world-en.openfoodfacts.org/product/0000344035966/brief-bio-mandel-ohne-zucker,1713850156,Brief Bio Mandel ohne Zucker,,,,Brief,,,,us,,,150.0g,unknown,,,,,,,,https://images.openfoodfacts.org/images/products/000/034/403/5966/front_en.3.400.jpg,1713850157
640093554,http://world-en.openfoodfacts.org/product/0000640093554/muesli-crunchy-chocolate,1727982440,Muesli crunchy chocolate,,,,,,,,us,,,40.0g,unknown,,,,,,,,,1727982440
8286,http://world-en.openfoodfacts.org/product/00008286/saumon-bofrost,1703438835,Saumon,,,,Bofrost,,,,,,,9.0g,unknown,,,,,,,,,1728040609
380100619,http://world-en.openfoodfacts.org/product/0000380100619/harvest-thins,1675113440,Harvest Thins,,240 g,,,,,,en:ca,,,,unknown,,416.66666666667,10.416666666667,8.3333333333333,45.833333333333,3.8541666666667,,https://images.openfoodfacts.org/images/products/000/038/010/0619/front_fr.3.400.jpg,1775067591
13610,http://world-en.openfoodfacts.org/product/00013610/carte-de-self,1711700673,Carte de self,,,,,,,,en:fr,,,,unknown,,50.0,1.0,0.5,100.0,0.5,,https://images.openfoodfacts.org/images/products/000/000/001/3610/front_fr.3.400.jpg,1774544840
1005661350,http://world-en.openfoodfacts.org/product/0001005661350/infusion-the-citron-menthe,1765541581,Infusion the citron menthe,,,,,,,,en:fr,,,,unknown,,3.0,0.0,0.3,0.1,,,https://images.openfoodfacts.org/images/products/000/100/566/1350/front_fr.3.400.jpg,1774562482
456,http://world-en.openfoodfacts.org/product/00000456/organic-vegan-protein-shake-mix-earth-chimp,1724090243,Organic Vegan Protein Shake Mix,,,,Earth Chimp,,en:vegan,,en:Ireland,,"Organic Plant Protein Blend (Organic Pea, Organic Pumpkin, Organic Coconut), Organic Fruit Blend (Organic Date, Organic Banana, Organic Baobab), Organic Agave Fiber, Organic Pea Starch, Flax Seed Fiber, Organic Cocoa (Alkalised), Natural Flavors, Probiotics (Bacillus Coagulans), Organic Monkfruit Extract, Milled Flax Seeds, Organic Cinnamon, Organic Turmeric",35g,unknown,4.0,,,,,,,https://images.openfoodfacts.org/images/products/invalid/front_en.5.400.jpg,1749208532
268000088,http://world-en.openfoodfacts.org/product/0000268000088/nut-butter-bar-clif,1645700037,Nut butter bar,,,,Clif,,,,en:Ireland,,,50.0g,unknown,,220.0,10.0,10.0,6.0,,,,1775141859
390102320,http://world-en.openfoodfacts.org/product/0000390102320/isalean-whole-blend-whey-based-shake,1649368405,IsaLean whole blend whey based shake,,,,,Dietary supplements,,,en:us,,,,d,,,,,,,Dietary supplements,https://images.openfoodfacts.org/images/products/000/039/010/2320/front_en.3.400.jpg,1728050702
244309525,http://world-en.openfoodfacts.org/product/0000244309525/black-forest-ham-heb,1672855545,Black forest ham,,,,HEB,,"No gluten, No artificial flavors, No preservatives",,us,,,56.0g,unknown,,,,,,,,https://images.openfoodfacts.org/images/products/000/024/430/9525/front_en.3.400.jpg,1693263097
19071,http://world-en.openfoodfacts.org/product/00019071/scottish-free-range-large-egg-m-s-food,1731515657,Scottish Free Range Large Egg,,6,,"M&S Food,Marks & Spencer","Farming products,Eggs,Chicken eggs,Free-range chicken eggs",RSPCA Assured,Scotland,"United Kingdom,Scotland",M&S Food,eggs,100g,c,1.0,131.0,9.0,0.09,0.49,0.38,Free-range chicken eggs,https://images.openfoodfacts.org/images/products/000/000/001/9071/front_en.5.400.jpg,1774652428
15080,http://world-en.openfoodfacts.org/product/00015080/salade-verte-crous-languedoc-roussillon,1581587100,Salade verte,,70 g,Barquette plastique,"Crous Languedoc Roussillon, Crous Resto'",en:salads,,,France,Crous Languedoc Roussillon,"Salade verte 85,7%, tomate cerise 14,3%.",70g,a,1.0,14.0,0.1,0.8,1.0,0.05,Salads,https://images.openfoodfacts.org/images/products/000/000/001/5080/front_fr.24.400.jpg,1773932035
17604,http://world-en.openfoodfacts.org/product/00017604/trim,1654288760,Trim,,,,,,,,en:us,,,,unknown,,,,,,,,https://images.openfoodfacts.org/images/products/000/000/001/7604/front_en.3.400.jpg,1728043733
481237490,http://world-en.openfoodfacts.org/product/0000481237490/ridge-cut-potato-chips-trader-joes,1656447895,Ridge Cut potato chips,,,,Trader Joes,,,,us,,,28.0g,unknown,,,,,,,,,1656447895
1220682795,http://world-en.openfoodfacts.org/product/0001220682795/jamon-de-teruel,1662893013,Jamón de Teruel,,,,,,,,en:fr,,,,unknown,,,,,,,,https://images.openfoodfacts.org/images/products/000/122/068/2795/front_fr.3.400.jpg,1728042265
1523737084,http://world-en.openfoodfacts.org/product/0001523737084/sweet-chilli-chicken-burrito-fuelhub,1753895837,Sweet Chilli Chicken Burrito,,,,FuelHub,,,,en:United Kingdom,,,1 portion (385 g),unknown,,152.987012987013,2.85714285714286,3.8961038961039,10.6493506493506,0.408441558441558,,,1774655871
2558,http://world-en.openfoodfacts.org/product/00002558/schinkenwurst-meier,1706627083,Schinkenwurst,,200g,,Meier,,,,en:germany,,,,unknown,,,,,,,,https://images.openfoodfacts.org/images/products/000/000/000/2558/front_de.3.400.jpg,1728047195
980783272,http://world-en.openfoodfacts.org/product/0000980783272/delicata-alla-frutta,1616603804,Delicata alla frutta,,,,,,,,en:it,,,,unknown,,93.0,0.2,4.3,0.5,,,https://images.openfoodfacts.org/images/products/000/098/078/3272/front_it.3.400.jpg,1774922542
604001571,http://world-en.openfoodfacts.org/product/0000604001571/weisswurst-schiessl,1699205881,Weißwurst,,2pcs,,Schiessl,,,,en:germany,,,,unknown,,,,,,,,https://images.openfoodfacts.org/images/products/000/060/400/1571/front_de.3.400.jpg,1699206644
983789936,http://world-en.openfoodfacts.org/product/0000983789936/perfect-cream-biancociock,1668714986,Perfect Cream Biancociock,,,,,,,,en:it,,,,unknown,,532.0,39.0,0.2,27.0,0.1,,https://images.openfoodfacts.org/images/products/000/098/378/9936/front_it.3.400.jpg,1774922520
84,http://world-en.openfoodfacts.org/product/00000084/wheat-bread-ovenjoy,1582099034,Wheat Bread,,500 g,,OvenJoy,"Plant-based foods and beverages, Plant-based foods, Breakfasts, Cereals and potatoes, Spreads, Sweet spreads, Bee products, Farming products, Sweeteners, Breads, Honeys, Lavender honeys, Grains",,,en:fr,,,0g,unknown,2.0,,,,,,Lavender honeys,https://images.openfoodfacts.org/images/products/invalid/front_fr.3.400.jpg,1740003364
1630005212,http://world-en.openfoodfacts.org/product/0001630005212/melange-sentier,1600198223,Mélange sentier,,,,,,,,en:ca,,,,unknown,,474.0,32.0,24.0,14.0,,,https://images.openfoodfacts.org/images/products/000/163/000/5212/front_fr.3.400.jpg,1775039472
10115,http://world-en.openfoodfacts.org/product/00010115/pain-fit-n-fiz,1550250369,Pain fit n fiz,,,,,,,,en:france,,,,unknown,,290.0,8.5,6.5,12.6,1.2,,https://images.openfoodfacts.org/images/products/000/000/001/0115/front_fr.4.400.jpg,1774282886
904344187,http://world-en.openfoodfacts.org/product/0000904344187/chicken-pumpkin-wrap-family-mart,1661904657,Chicken pumpkin wrap,,,,Family mart,,,,us,,,200.0g,unknown,,,,,,,,,1661904658
3224,http://world-en.openfoodfacts.org/product/00003224/sauce-bourguignonne-amora,1636483343,Sauce Bourguignonne,,,,Amora,,,,en:Ireland,,,15.0g,unknown,,360.0,34.6666653951009,6.66666666666667,3.33333333333333,,,,1775141727
5720,http://world-en.openfoodfacts.org/product/00005720/hahnchensulze-lackmann,1728140326,hahnchensulze,,0.495kg,,lackmann,,,,en:germany,,,,unknown,,,,,,,,https://images.openfoodfacts.org/images/products/000/000/000/5720/front_de.6.400.jpg,1728140327
970433076,http://world-en.openfoodfacts.org/product/0000970433076/neo-creaplus,1627565921,Neo creaplus,,,,,,Senza glutine,,en:it,,,,unknown,,,,,,,,https://images.openfoodfacts.org/images/products/000/097/043/3076/front_it.3.400.jpg,1728028732
1115304849,http://world-en.openfoodfacts.org/product/0001115304849/salsa-hot-foodtown,1489093856,"Salsa, hot",,,,Foodtown,"Condiments, Sauces, Dips, Groceries",,,United States,,"Tomato puree (water, tomato paste, citric acid), diced tomatoes in tomato juice, green bell peppers, jalapeno peppers, dried onion, distilled vinegar, salt, sugar, dried garlic, natural flavor, spice.",2 Tbsp (31 g),a,4.0,,,,,,Groceries,,1728036393
1099,http://world-en.openfoodfacts.org/product/00001099/goman-ciabatta-150g-goman-as,1718833945,Goman Ciabatta 150g,,,,GOMAN AS,,,,World,,"Hvetemel, vann, surdeig av hvete, havsalt, olivenolje, gjær, hvetegluten, durumhvetemel.",,unknown,,,,,,,,https://images.openfoodfacts.org/images/products/000/000/000/1099/front_en.6.400.jpg,1733421349
169245286,http://world-en.openfoodfacts.org/product/0000169245286/duche-organic-waitrose,1652476101,Duché Organic,,,,Waitrose,,,,en:france,Waitrose,,,unknown,,,,,,,,https://images.openfoodfacts.org/images/products/000/016/924/5286/front_fr.3.400.jpg,1728034089
260465670,http://world-en.openfoodfacts.org/product/0000260465670/egg-whites-bowl-and-basket,1720108696,Egg Whites,,,,Bowl And Basket,,,,us,,,46.0g,unknown,,,,,,,,,1720108696
5550,http://world-en.openfoodfacts.org/product/00005550/100-pure-raw-unfiltered-honey-nature-nate-s-natural,1655912121,100% Pure Raw & Unfiltered Honey,,,,Nature Nate’s Natural,"Breakfasts, Spreads, Sweet spreads, Bee products, Farming products, Sweeteners, Honeys",,,en:Ireland,,,21.0g,unknown,2.0,333.333333333333,,71.4285714285714,,,Honeys,https://images.openfoodfacts.org/images/products/000/000/000/5550/front_en.3.400.jpg,1775141892
1095,http://world-en.openfoodfacts.org/product/00001095/organic-peas-iswari,1636980892,Organic Peas,,,,"Iswari, Scratch And Peck Feeds",,"Organic, No GMOs, Non GMO project",,"en:Ireland, World",,,10.0g,unknown,,413.0,17.0,10.0,14.0,,,,1775141405
1753601001,http://world-en.openfoodfacts.org/product/0001753601001/wheat-semolina,1652527852,Wheat Semolina,,,,,,,,en:us,,,,unknown,,,,,,,,https://images.openfoodfacts.org/images/products/000/175/360/1001/front_en.3.400.jpg,1728043666
800607327,http://world-en.openfoodfacts.org/product/0000800607327/panettone-bio-spumadoro,1607533518,panettone bio,,,,spumadoro,"Snacks, Snacks sucrés, Viennoiseries, Brioches, Panettone",,,en:france,,,,unknown,,,,,,,Panettone,,1728057149
2623,http://world-en.openfoodfacts.org/product/00002623/hydrolat-pur-pamplemouse,1567321181,Hydrolat pur pamplemouse,,,,,,,,en:fr,,,,unknown,,,,,,,,,1728037452
1606,http://world-en.openfoodfacts.org/product/00001606/nb-poultry-scratch-grain-feed-nature-s-best,1662935517,NB Poultry Scratch Grain (Feed),,,,Nature's Best,,"Organic, No GMOs, Non GMO project",,"en:us, World",,,,unknown,,,,,,,,https://images.openfoodfacts.org/images/products/000/000/000/1606/front_en.3.400.jpg,1728358936
1975,http://world-en.openfoodfacts.org/product/00001975/gold-standard-100-whey-optimum-nutrion,1705530772,Gold Standard 100% Whey,,,,Optimum Nutrion,,,,en:Germany,,,32 g,unknown,,373.0,4.2,3.7,74.0,0.51,,https://images.openfoodfacts.org/images/products/000/000/000/1975/front_de.3.400.jpg,1774549268
6105,http://world-en.openfoodfacts.org/product/00006105/artischockenherzen-stucke,1584742165,Artischockenherzen Stücke,,110 g,Glas,,"Pflanzliche Lebensmittel und Getränke, Pflanzliche Lebensmittel, Frucht- und gemüsebasierte Lebensmittel, Gemüsebasierte Lebensmittel, Gemüse, Stangengemüse, Artischocken",,,"Frankreich, en:de",,,,unknown,,,,,,,Artichokes,https://images.openfoodfacts.org/images/products/000/000/000/6105/front_de.3.400.jpg,1728054341
13810,http://world-en.openfoodfacts.org/product/00013810/kalibra-dolce-pasquale,1679922045,Kalibra dolce pasquale,,,,,,,,en:it,,,,unknown,,364.0,24.0,1.0,23.0,0.75,,https://images.openfoodfacts.org/images/products/000/000/001/3810/front_it.3.400.jpg,1774922659
356007037,http://world-en.openfoodfacts.org/product/0000356007037/inconnu-distributeur,1612955298,inconnu,,,,distributeur,,,,en:france,,,,unknown,,,,,,,,,1728050037
1001895071,http://world-en.openfoodfacts.org/product/0001001895071/haricots-beurre-extra-fin-vellona,1672982492,Haricots beurre extra fin,,,,Vellona,,,,us,,,100.0g,unknown,,,,,,,,,1728041113
1630000132,http://world-en.openfoodfacts.org/product/0001630000132/brisures-de-caroube,1608059507,Brisures de caroube,,,,,,,,en:ca,,,,unknown,,468.0,20.0,71.0,0.4,,,https://images.openfoodfacts.org/images/products/000/163/000/0132/front_fr.3.400.jpg,1775034850
15094,http://world-en.openfoodfacts.org/product/00015094/mermelada-meloconton-0-hacendado,1621518272,Mermelada Meloconton 0%,,,,hacendado,,Sin gluten,,España,Mercadona,,,unknown,,38.0,0.0,5.6999998092651,0.60000002384186,0.0,,https://images.openfoodfacts.org/images/products/000/000/001/5094/front_es.3.400.jpg,1774669043
982658142,http://world-en.openfoodfacts.org/product/0000982658142/protein-break-crisp,1645187105,protein break crisp,,,,,,,,en:it,,,,unknown,,434.0,16.0,21.0,43.0,0.17,,https://images.openfoodfacts.org/images/products/000/098/265/8142/front_it.3.400.jpg,1774922526
60,http://world-en.openfoodfacts.org/product/00000060/rouge-bol-poulet-rouge,1734386971,Rouge bol,,,,Poulet rouge,,,,en:Ireland,,,500.0g,unknown,,,,,,,,,1734386971
790200130,http://world-en.openfoodfacts.org/product/0000790200130/chocolate-bar-dark-almond,1661822779,Chocolate bar dark almond,,,,,en:chocolate-candies,No gluten,,en:us,,,,e,,,,,,,Chocolate candies,https://images.openfoodfacts.org/images/products/000/079/020/0130/front_en.3.400.jpg,1745901064
6038,http://world-en.openfoodfacts.org/product/00006038/%D8%B2%D8%A8%DB%8C%D8%A8,1728981087,زبیب,,,,,,,,en:Saudi Arabia,,,,unknown,,,,,,,,https://images.openfoodfacts.org/images/products/000/000/000/6038/front_en.3.400.jpg,1728981095
390102200,http://world-en.openfoodfacts.org/product/0000390102200/whey-birthday-cake-shake,1628520433,Whey Birthday cake shake,,,,,"Dietary supplements, Bodybuilding supplements, Protein powders",,,en:us,,,,d,,,,,,,Protein powders,https://images.openfoodfacts.org/images/products/000/039/010/2200/front_en.3.400.jpg,1728050700
16513,http://world-en.openfoodfacts.org/product/00016513/organic-sunflower-oil-napa-valley-naturals,1489055654,Organic Sunflower Oil,,14 g,,Napa Valley Naturals,,Organic,,United States,,"ORGANIC EXPELLER PRESSED, REFINED HIGH OLEIC SUNFLOWER OIL",14.000000000000002g,unknown,3.0,,,,,,Null,,1740179521
979798194,http://world-en.openfoodfacts.org/product/0000979798194/baketi-proteici,1621666924,Baketi proteici,,,,,,Senza olio di palma,,en:it,,,,unknown,,400.0,18.799999237061,0.20000000298023,40.0,0.8,,https://images.openfoodfacts.org/images/products/000/097/979/8194/front_it.3.400.jpg,1774922554
1785308539,http://world-en.openfoodfacts.org/product/0001785308539/madeleine-st-michel,1595254045,madeleine,,85g,,st michel,"Snacks, Snacks sucrés, Biscuits et gâteaux, Gâteaux, Madeleines","Plein air, Œufs de poules élevées en plein air",,France,,,,unknown,,,,,,,Madeleines,,1728043799
500440481,http://world-en.openfoodfacts.org/product/0000500440481/mildly-sweet-spicy-beef-broccoli-trader-joe-s,1720576300,Mildly Sweet & Spicy Beef & Broccoli,,24 oz,,Trader Joe's,,,,en:United States,,,6 portion (116 g),unknown,,,,,,,,https://images.openfoodfacts.org/images/products/000/050/044/0481/front_en.3.400.jpg,1720577177
1001402012,http://world-en.openfoodfacts.org/product/0001001402012/cookies-au-chocolat,1661196963,Cookies au chocolat,,,,,"Snacks, Snacks sucrés, Biscuits et gâteaux, Biscuits, Biscuits au chocolat, Cookies, Cookies au chocolat","Fabriqué en France, Nutriscore, Nutriscore E",,en:fr,,,,e,,488.0,22.0,36.0,6.7,0.44,Chocolate chip cookies,https://images.openfoodfacts.org/images/products/000/100/140/2012/front_fr.3.400.jpg,1774544769
326036134,http://world-en.openfoodfacts.org/product/0000326036134/muesli-fruits-rouges-bon-et-bio,1744756613,Muesli Fruits rouges,,375,,Bon Et Bio,Mueslis aux fruits,"AB Agriculture Biologique,DE-ÖKO-013",,en:portugal,,,,c,,438.0,15.0,17.0,10.0,0.4,Mueslis with fruits,https://images.openfoodfacts.org/images/products/000/032/603/6134/front_fr.3.400.jpg,1774953244
1200028623,http://world-en.openfoodfacts.org/product/0001200028623/diet-iced-tea-lemon-lipton-pure-leaf,1701711965,"Diet Iced Tea, Lemon",,,,Lipton Pure Leaf,,,,us,,,18.5g,unknown,,,,,,,,,1728042168
931948720,http://world-en.openfoodfacts.org/product/0000931948720/diet-pro-cioccolato,1653305072,DIET PRO cioccolato,,,,,,Senza glutine,,en:it,,,,unknown,,396.0,7.6,0.9,75.0,2.5,,https://images.openfoodfacts.org/images/products/000/093/194/8720/front_it.3.400.jpg,1774922716
975427028,http://world-en.openfoodfacts.org/product/0000975427028/avena-farina-istantanea,1630750670,Avena farina istantanea,,,,,,,,en:it,,,,unknown,,355.0,8.3,1.0,12.1,,,https://images.openfoodfacts.org/images/products/000/097/542/7028/front_it.3.400.jpg,1774922566
301990600,http://world-en.openfoodfacts.org/product/0000301990600/fruta-fresca-cortada-viena-capellanes,1568107497,Fruta fresca cortada,,,,viena capellanes,,"Sin gluten, Punto Verde",,España,,,,unknown,,30.0,0.1,7.5,0.7,0.0,,https://images.openfoodfacts.org/images/products/000/030/199/0600/front_es.3.400.jpg,1774630828
997326239,http://world-en.openfoodfacts.org/product/0000997326239/maroilles-fauquet,1536926992,Maroilles,,210g,,"Fauquet, Savencia","Produits laitiers, Produits fermentés, Produits laitiers fermentés, Fromages, Fromages de vache, Fromages de France, Maroilles",AOP,,France,,,,unknown,,,,,,,Maroilles,https://images.openfoodfacts.org/images/products/000/099/732/6239/front_fr.3.400.jpg,1727977771
2147,http://world-en.openfoodfacts.org/product/00002147/galettes-caramel-disigny-bijoux,1580659607,galettes caramel disigny,,450g,,bijoux,Galette caramel,,,en:France,,farine de blé sucre beurrée huile de colza oeufs sirop de glucose poudre d'amande lait crème fraîche sel beurre salé,serving,unknown,,,,,,,fr:galette-caramel,https://images.openfoodfacts.org/images/products/000/000/000/2147/front_fr.8.400.jpg,1773952195
12968,http://world-en.openfoodfacts.org/product/00012968/ztlewf,1702409924,ztlewf,,1pcs,,,,,,Germany,,,,unknown,,,,,,,,,1728042482
12388,http://world-en.openfoodfacts.org/product/00012388/promivit-ade3-250ml,1744749864,Promivit ADE3-250ml,,,,,,,,en:Trinidad and Tobago,,,,unknown,,,,,,,,https://images.openfoodfacts.org/images/products/000/000/001/2388/front_en.3.400.jpg,1744750033
6451,http://world-en.openfoodfacts.org/product/00006451/beurre-st-hubert-omg3,1635145614,Beurre St Hubert omg3,,,,St Hubert,,,,fi,,,30.0g,unknown,,,,,,,,,1728054873
1194,http://world-en.openfoodfacts.org/product/00001194/herbalife-nutrition-tea,1571863727,Herbalife nutrition tea,,50 g,,,,,,en:spain,,,,unknown,,,,,,,,https://images.openfoodfacts.org/images/products/000/000/000/1194/front_es.4.400.jpg,1728042147
790105008,http://world-en.openfoodfacts.org/product/0000790105008/dr-pepper-soft-chewy-twisted-candy-bites,1587637131,"Dr pepper, soft chewy twisted candy bites",,,,,"Snacks, Sweet snacks, Confectioneries",,,United States,,"Sugar, corn syrup, enriched wheat flour (wheat, iron, niacin, thiamin, riboflavin & folic acid), water, cane syrup, artificial flavor, modified food starch (corn), caramel color, palm oil, dr. pepper concentrate (caramel color, water, natural & artificial flavors), citric acid, soy mono & diglycerides, potassium sorbate, salt, titanium dioxide, artificial color (fd&c red 40).",18 PIECES (40 g),d,4.0,,,,,,Confectioneries,,1587637131
1660,http://world-en.openfoodfacts.org/product/00001660/tom-s-of-maine-fresh-mint-herbalife,1538593437,Tom’s of Maine Fresh Mint,,630g,Plastique,"Herbalife, lackmann",Shake proteine,"sans-gluten, végétarien, végétalien, point-vert, arômes-naturels, fr:sans-gluten, en:végétalien, en:végétarien",,"France, Germany",,"Sodium monofluorophosphate, water, sorbitol, hydrated silica, xylitol, glycerin, natural flavor, sodium lauryl sulfate, zinc citrate, xanthan gum, benzyl alcohol, carrageenan.",100g,c,4.0,348.0,3.5,15.0,48.0,0.83,fr:shake-proteine,https://images.openfoodfacts.org/images/products/000/000/000/1660/front_fr.34.400.jpg,1773420771
7928,http://world-en.openfoodfacts.org/product/00007928/hahnchen-ganz,1671268612,Hähnchen ganz,,2kg,,,,,,en:germany,,,,unknown,,,,,,,,,1728057027
42,http://world-en.openfoodfacts.org/product/00000042/multivitamins-minerals-seara,1635498273,Multivitamins & Minerals,,180 comprimés,Plastique,Seara,"Compléments alimentaires, Vitamines","Végétarien, Sans OGM, Végétalien",,"Belgien, Germany",Amazon,"La cellulose Microcristalline, Maltodextrine, Calcium (Carbonate de Calcium), Vitamine C (Acide ascorbique), Magnésium (0xyde de Magnésium), Fécule de maïis, Vitamine B3 (Nicotinamide), Fer (Fumarate Ferreux), Vitamine E (D-a Acétate de tocophéryle), Palmitate d'ascorbyle, Zinc (0xyde de Zinc), Vitamine B5 (Pantothénate de D-Calcium), Vitamine B2 (Riboflavine), Vitamine B6 (Le Chlorhydrate de Pyridoxine), Manganèse (Sulfate de manganèse), Vitamine B1 (Chlorhydrate de Thiamine). Cuivre (Gluconate cuivrique), Vitamine A (Acétate de Rétinyle), Acide folique, lode (lodure de potassium), Vitamine K2 (Menaquinone-7), Sélénium (Sélénite de sodium), Vitamine B12 (Méthyl cobalamine), Biotine, Molybdène (Molybdate de Sodium), Chrome (Picolinate de chrome), Vitamine D3 (Cholécalciférol). Stabilisateurs: Polyvinylpyrrolidone K 30, Hydroxypropyl méthylcellulose",100.0g,not-applicable,4.0,,,,,,Vitamins,https://images.openfoodfacts.org/images/products/invalid/front_fr.29.400.jpg,1742159126
1583,http://world-en.openfoodfacts.org/product/00001583/soupe-miso-marukome,1679675937,Soupe Miso,,,,Marukome,,,,en:Ireland,,,200.0g,unknown,,32.0,1.79999995231628,,2.0,,,https://images.openfoodfacts.org/images/products/000/000/000/1583/front_en.3.400.jpg,1775141477
16040,http://world-en.openfoodfacts.org/product/00016040/corazones-alcachofas-hacendado,1666031026,Corazones alcachofas,,,,Hacendado,"Alimentos y bebidas de origen vegetal, Alimentos de origen vegetal, Frutas y verduras y sus productos, Conservas, Verduras y hortalizas y sus productos, Alimentos de origen vegetal en conserva, Hortalizas, Verduras y hortalizas en conserva, Verduras de tallo, Alcachofas, Alcachofas en conserva",Punto Verde,,en:es,Mercadona,,,a,,26.0,0.4,0.7,1.7,1.0,Canned artichokes,https://images.openfoodfacts.org/images/products/000/000/001/6040/front_es.3.400.jpg,1774669043
12164,http://world-en.openfoodfacts.org/product/00012164/bodylab-whey-protein-vanilla,1655237745,Bodylab Whey Protein vanilla,,,,Bodylab,en:dietary-supplements,,,DE,,,30g,not-applicable,,483.0,5.0,5.5,75.0,0.63,Dietary supplements,https://images.openfoodfacts.org/images/products/000/000/001/2164/front_en.9.400.jpg,1774549235
1003543789,http://world-en.openfoodfacts.org/product/0001003543789/gaufres-de-bruxelles,1719498293,Gaufres de Bruxelles,,320 g,,,en:waffles,,,en:fr,,,,c,,338.0,20.0,2.9,7.9,0.43,Waffles,https://images.openfoodfacts.org/images/products/000/100/354/3789/front_fr.3.400.jpg,1774544824
980504791,http://world-en.openfoodfacts.org/product/0000980504791/means-fit,1635330660,Means fit,,,,,,,,en:it,,,,unknown,,,,,,,,https://images.openfoodfacts.org/images/products/000/098/050/4791/front_it.3.400.jpg,1728028614
4393,http://world-en.openfoodfacts.org/product/00004393/jus-de-pomme-bio-de-normandie,1596735803,Jus de pomme bio de Normandie,,,,,en:apple-juices,Bio,,en:fr,,,,unknown,,,,,,,Apple juices,https://images.openfoodfacts.org/images/products/000/000/000/4393/front_fr.3.400.jpg,1778130079
656272674,http://world-en.openfoodfacts.org/product/0000656272674/le-tendre-rouennais-ferme-dumesnil,1613284296,Le tendre Rouennais,,,,Ferme Dumesnil,,,,en:france,,,,unknown,,,,,,,,,1728038934
1547,http://world-en.openfoodfacts.org/product/00001547/pure-paleo-bone-broth-protein-designs-for-health,1664630873,Pure paleo bone broth protein,,,,Designs for health,,,,en:Ireland,,,27.0g,unknown,,110.0,0.5,,26.0,,,https://images.openfoodfacts.org/images/products/000/000/000/1547/front_en.3.400.jpg,1775141476
956,http://world-en.openfoodfacts.org/product/00000956/cana-lomo-bellota-iberica,1577784740,Caña lomo bellota ibérica,,,,,,"Sin gluten, Sin lactosa",,en:es,,,,unknown,,,,,,,,https://images.openfoodfacts.org/images/products/invalid/front_es.3.400.jpg,1577785503
984702302,http://world-en.openfoodfacts.org/product/0000984702302/croiaannt-alla-crema,1657092177,Croiaannt alla crema,,75 g,,,,Senza glutine,,en:it,,,,unknown,,362.0,16.7,16.2,2.7,0.0,,https://images.openfoodfacts.org/images/products/000/098/470/2302/front_it.3.400.jpg,1774922517
651319001,http://world-en.openfoodfacts.org/product/0000651319001/microwavable-brussels-sprouts,1587648158,Microwavable Brussels Sprouts,,,,,"Plant-based foods and beverages, Plant-based foods, Fruits and vegetables based foods",,,United States,,Brussels sprouts,3 ONZ (84 g),a,1.0,,,,,,Fruits and vegetables based foods,https://images.openfoodfacts.org/images/products/000/065/131/9001/front_en.4.400.jpg,1615071039
1005935372,http://world-en.openfoodfacts.org/product/0001005935372/welli-bites,1772296384,welli bites,,,,,,,,en:fr,,,,unknown,,256.0,0.0,0.0,0.3,,,https://images.openfoodfacts.org/images/products/000/100/593/5372/front_fr.3.400.jpg,1772296392
100000801,http://world-en.openfoodfacts.org/product/0000100000801/grape-tomato-master-s-touch,1718833885,Grape Tomato,,,,Master's Touch,,"No GMOs, Non GMO project",,World,,,,unknown,,,,,,,,,1718833885
1001931053,http://world-en.openfoodfacts.org/product/0001001931053/bio-nature-ptit-dej-bjorg,1672240974,Bio nature ptit dej,,,,Bjorg,,"Bio, Bio européen, NL-BIO-01, Nutriscore, Nutriscore C, AB Agriculture Biologique",,en:fr,,,,unknown,,457.0,19.0,18.0,8.4,0.65,,https://images.openfoodfacts.org/images/products/000/100/193/1053/front_fr.8.400.jpg,1774544784
6190,http://world-en.openfoodfacts.org/product/00006190/%DA%A9%D9%85%D9%88%D9%86-%D9%85%D8%B7%D8%AD%D9%88%D9%86,1728975543,کمون مطحون,,,,,,,,en:Saudi Arabia,,,,unknown,,,,,,,,https://images.openfoodfacts.org/images/products/000/000/000/6190/front_en.3.400.jpg,1729075788
1000697197,http://world-en.openfoodfacts.org/product/0001000697197/byond-rice-cales,1642184648,byond rice cales,,,,,,,,en:fr,,,,unknown,,370.0,5.0,0.817,8.8,,,https://images.openfoodfacts.org/images/products/000/100/069/7197/front_fr.3.400.jpg,1774544751
13445,http://world-en.openfoodfacts.org/product/00013445/picos-saladitos-hacendado,1634743940,Picos saladitos,,250 g,,"Hacendado, Mercadona",es:picos-de-pan,,,en:es,Mercadona,,,d,,466.0,18.0,1.0,9.0,2.0,es:Picos de pan,https://images.openfoodfacts.org/images/products/000/000/001/3445/front_es.3.400.jpg,1774669041
1002007140,http://world-en.openfoodfacts.org/product/0001002007140/bon-bon,1673770326,Bon&bon,,,,,,,,en:fr,,,,unknown,,457.0,19.4,31.6,6.1,0.9,,https://images.openfoodfacts.org/images/products/000/100/200/7140/front_fr.3.400.jpg,1774544786
100000729,http://world-en.openfoodfacts.org/product/0000100000729/pomella-pom030epph-verdure-sciences,1718833886,Pomella (POM030EPPH),,,,Verdure Sciences,,"No GMOs, Non GMO project",,World,,,,unknown,,,,,,,,,1728358927
1002162960,http://world-en.openfoodfacts.org/product/0001002162960/creme-coco,1678730342,Creme coco,,,,,,"Sans gluten, Sans conservateurs",,en:fr,,,,unknown,,237.0,24.0,2.8,2.5,,,https://images.openfoodfacts.org/images/products/000/100/216/2960/front_fr.3.400.jpg,1774544791
11730,http://world-en.openfoodfacts.org/product/00011730/cranberry-orange-cookies-marks-spencer,1423389133,Cranberry & Orange Cookies,All butter cookies with dried sweetened cranberries and flavoured with orange,"225 g ℮, 10 cookies","Plastic, Bag, Film plastics - not currently recycled, Tray plastics - check local recycling",Marks & Spencer,"Snacks, Sweet snacks, Biscuits and cakes, Biscuits","Vegetarian, Pure butter, Not suitable for nut allergy sufferers",,"France,United Kingdom",Marks & Spencer,"_wheatflour_ contains _gluten_ (with _wheatflour_, calcium carbonate, iron, niacin, thiamin), sweetened dried cranberries 29% (sugar, cranberries, antioxidant: citric acid, sunflower oil), sugar, _butter_ 17% (_milk_), glucose syrup, cornflour, dried skimmed _milk_, raising agent: E450, sodium bicarbonate, E503, salt, orange flavouring","23 g, 1 cookie",e,4.0,430.0,15.2,41.2,4.4,0.75,Biscuits,https://images.openfoodfacts.org/images/products/000/000/001/1730/front_en.59.400.jpg,1774461998
100000004,http://world-en.openfoodfacts.org/product/0000100000004/croquetas-de-bacalao,1603360707,Croquetas de bacalao,,,,,,,,España,,,,unknown,,204.9,12.1,1.9,5.9,0.7,,https://images.openfoodfacts.org/images/products/000/010/000/0004/front_es.3.400.jpg,1774631951
380102902,http://world-en.openfoodfacts.org/product/0000380102902/snack-bite-isagenix,1717688040,Snack bite isagenix,,,,Isagenix,,,,bg,,,28.0g,unknown,,,,,,,,,1728050533
7094,http://world-en.openfoodfacts.org/product/00007094/spark-advocare,1660742883,spark,,10.5 oz,container,advocare,Beverages,,,en:en:Republic of Lithuania,,"maltodextrin, citric acid, silicon dioxide, sucralose, natural flavors",,unknown,4.0,,,,,,Beverages,https://images.openfoodfacts.org/images/products/000/000/000/7094/front_en.4.400.jpg,1728055707
105000417,http://world-en.openfoodfacts.org/product/0000105000417/lagg-s-dieter-s-herbal-tea,1489055331,"Lagg's, dieter's herbal tea",,,,Lagg's,"Plant-based foods and beverages, Beverages, Hot beverages, Plant-based beverages, Teas, Tea bags",,,United States,,"Andropogon citratus, uva ursi, hibiscus flowers, cinnamon, equisetum arvense, flourensia cernua.",1.61 ONZ (45 g),b,1.0,,,,,,Tea bags,,1587573118
208020222,http://world-en.openfoodfacts.org/product/0000208020222/lolly-bundar-ulir-lilin,1618904950,Lolly Bundar/ulir/lilin,,200,,,,,,en:Indonesia,,kasir,,unknown,,,,,,,,https://images.openfoodfacts.org/images/products/000/020/802/0222/front_en.3.400.jpg,1728045668
3503,http://world-en.openfoodfacts.org/product/00003503/leite-em-po-integral-instantaneo-gloria,1719969491,Leite em pó integral instantâneo Glória,,400g,,Glória,"Laticínios,en:Milks (liquid and powder),Produtos secos a serem rehidratados,Bebidas desidratadas,en:Milk powders",Sem glúten,Brazil,Brazil,,"Leite em pó integral, emulsificante lecitina de soja",27g,unknown,4.0,507.407407407407,26.6666666666667,40.7407407407407,25.9259259259259,0.87962962962963,Milk powders,https://images.openfoodfacts.org/images/products/000/000/000/3503/front_pt.4.400.jpg,1775140627
567008648,http://world-en.openfoodfacts.org/product/0000567008648/woolworths-broccoli-cauliflower-snap-frozen,1758581581,Woolworths Broccoli & Cauliflower Snap Frozen,,,,Woolworths,,,,en:New Zealand,,,1 portion (80 g),unknown,,,,,,,,,1758581581
10949,http://world-en.openfoodfacts.org/product/00010949/zwiebel-sahne-hahnchenpfanne-bofrost,1757435229,Zwiebel-Sahne-Hähnchenpfanne,,750g,,bofrost*,,en:nutriscore,,en:germany,,,,unknown,,127.0,3.8,2.5,8.7,1.0,,https://images.openfoodfacts.org/images/products/000/000/001/0949/front_de.3.400.jpg,1774557988
10430,http://world-en.openfoodfacts.org/product/00010430/bebida-de-chufa-hacendado,1651915677,Bebida de chufa,,,,Hacendado,,,,en:es,"Hacendado, Mercadona",,,unknown,,43.0,7.0,1.6,0.5,,,https://images.openfoodfacts.org/images/products/000/000/001/0430/front_es.3.400.jpg,1774669037
1000093511,http://world-en.openfoodfacts.org/product/0001000093511/miche-blanche,1626619488,miche blanche,,,,,,,,en:ca,,,,unknown,,240.0,1.0,0.0,8.0,0.675,,https://images.openfoodfacts.org/images/products/000/100/009/3511/front_fr.3.400.jpg,1775052721
100000505,http://world-en.openfoodfacts.org/product/0000100000505/iqf-sliced-portabella-mushrooms-phillips-gourmet,1718833899,IQF Sliced Portabella Mushrooms,,,,Phillips Gourmet,,"No GMOs, Non GMO project",,World,,,,unknown,,,,,,,,,1728358928
512286809,http://world-en.openfoodfacts.org/product/0000512286809/crackers-leader-price,1600710070,Crackers,,,,Leader Price,,,,en:French Guiana,Leader Price,,,unknown,,,,,,,,,1728038606
1600019726,http://world-en.openfoodfacts.org/product/0001600019726/betty-crocker-fudge-brownies-general-mills,1626983032,Betty Crocker fudge brownies,,,,General Mills,,,,en:United States,,"sugar, enriched flour bleached (wheat flour, niacin, iron, thiamin mononitrate, riboflavin, folic acid), cocoa processed with alkali, palm oil. contains 2% or less of: corn syrup, carob powder, corn starch, salt, canola oil, artificial flavor. contains wheat",,unknown,4.0,,,,,,,,1728043169
805,http://world-en.openfoodfacts.org/product/00000805/cockburns-special-reserve-port-portugal-brandy,1736859701,Cockburns Special Reserve Port (Portugal),,1000ml,,Brandy,"Getränke und Getränkezubereitungen, Getränke",,,en:germany,,,,unknown,,,,,,,Beverages,https://images.openfoodfacts.org/images/products/invalid/front_de.4.400.jpg,1736860278
982614051,http://world-en.openfoodfacts.org/product/0000982614051/pane-proteico,1633692591,Pane proteico,,,,,,,,en:it,,,,unknown,,275.0,16.0,1.8,22.0,1.2,,https://images.openfoodfacts.org/images/products/000/098/261/4051/front_it.3.400.jpg,1774922527
1165887771,http://world-en.openfoodfacts.org/product/0001165887771/tagliatelle-riz-brun,1633026992,Tagliatelle riz brun,,250 g,,,,"Bio, Bio européen, Sans gluten, Fabriqué en Italie, AB Agriculture Biologique",,en:fr,,,,unknown,,363.0,2.9,0.0,8.0,,,https://images.openfoodfacts.org/images/products/000/116/588/7771/front_fr.3.400.jpg,1774544837
11482,http://world-en.openfoodfacts.org/product/00011482/mista-barrette,1646426098,Mista barrette,,,,,,,,en:it,,,,unknown,,661.0,12.0,13.0,33.0,0.33,,https://images.openfoodfacts.org/images/products/000/000/001/1482/front_it.3.400.jpg,1774922658
200010496,http://world-en.openfoodfacts.org/product/0000200010496/masala-chicken-walkers,1755621198,Masala Chicken,,25g,,Walkers,Crisps,,,en:United Kingdom,,Fresh Taste Guaranteed No Added MSG or Artificial Colours This pack contains 1 serving * Reference intake of an average adult (8400 kJ/,1 portion (100 g),c,,508.843212237094,29.0,2.6,6.1,0.62,Crisps,https://images.openfoodfacts.org/images/products/000/020/001/0496/front_en.4.400.jpg,1774656155
1000013594,http://world-en.openfoodfacts.org/product/0001000013594/bajeczny,1630420300,Bajeczny,,,,,,,,en:fr,,,,unknown,,,,,,,,https://images.openfoodfacts.org/images/products/000/100/001/3594/front_fr.3.400.jpg,1728040990
1308560318,http://world-en.openfoodfacts.org/product/0001308560318/girl-scouts-thin-mints-bites-edward-marc-chocolatier,1744032692,Girl Scouts Thin Mints bites,,,,Edward Marc Chocolatier,,,,en:United States,,,9 pieces (28 g),unknown,,,,,,,,,1744032693
474007970,http://world-en.openfoodfacts.org/product/0000474007970/tostas-queijo-em-mental-e-sementes-de-abobora-gutbio,1723636312,Tostas Queijo em mental e sementes de abóbora,,,,Gutbio,,"Organic, EU Organic, DE-ÖKO-006, Nutriscore, en:nutriscore-grade-c",,us,,,30.0g,unknown,,,,,,,,https://images.openfoodfacts.org/images/products/000/047/400/7970/front_en.3.400.jpg,1723639521
1131360537,http://world-en.openfoodfacts.org/product/0001131360537/coca-cola-light,1735997780,Coca cola light,,,,,,,,us,,,310.0g,unknown,,,,,,,,,1735997780
204,http://world-en.openfoodfacts.org/product/00000204/bumbu-xo-rum-dunkel,1736854059,Bumbu XO,,700ml,,Rum dunkel,"Getränke und Getränkezubereitungen, Getränke",,,en:germany,,,,unknown,,,,,,,Beverages,https://images.openfoodfacts.org/images/products/invalid/front_de.8.400.jpg,1736854060
1370,http://world-en.openfoodfacts.org/product/00001370/boulette-sauce-tomate-basilic,1720712338,Boulette sauce tomate basilic,,,,,,,,en:Ireland,,,2210.0g,unknown,,49.2760180995475,2.80542986425339,0.330316742081448,2.03619909502262,,,,1775141468
6058,http://world-en.openfoodfacts.org/product/00006058/%D9%81%D8%B3%D8%AA%D9%82-%D8%A7%D9%85%D8%B1%DB%8C%DA%A9%DB%8C-%D9%85%D8%A7%D9%84%D8%AD,1728981186,فستق امریکی مالح,,,,,,,,en:Saudi Arabia,,,,unknown,,,,,,,,https://images.openfoodfacts.org/images/products/000/000/000/6058/front_en.6.400.jpg,1728981197
800200190,http://world-en.openfoodfacts.org/product/0000800200190/pinza-proteica-artigianale,1656440415,Pinza proteica artigianale,,,,,,,,en:it,,,,unknown,,268.0,14.02,0.4,28.03,,,https://images.openfoodfacts.org/images/products/000/080/020/0190/front_it.3.400.jpg,1774922693
665626362,http://world-en.openfoodfacts.org/product/0000665626362/edamame-crunchy-roasted-edamame-beans-sriracha-the-only-bean,1721062520,Edamame -Crunchy roasted edamame beans sriracha,,,,The only bean,,,,en:United States,,,0.33 cup (30 g),unknown,,,,,,,,,1728035823
1333,http://world-en.openfoodfacts.org/product/00001333/organic-corn-meal-great-river-organic-milling,1718833939,Organic Corn Meal,,,,Great River Organic Milling,,"Organic, No GMOs, Non GMO project",,World,,,,unknown,,,,,,,,https://images.openfoodfacts.org/images/products/000/000/000/1333/front_it.5.400.jpg,1765178469
7097,http://world-en.openfoodfacts.org/product/00007097/margarine-sel-de-mer-st-hubert-bio,1690449430,Margarine sel de mer,,,,St Hubert bio,en:salted-spreads,,,no,,,10.0g,unknown,,,,,,,Salted spreads,https://images.openfoodfacts.org/images/products/000/000/000/7097/front_en.5.400.jpg,1728055709
1002013444,http://world-en.openfoodfacts.org/product/0001002013444/tagliatelles-proteinees,1675090932,Tagliatelles proteinees,,,,,,,,en:fr,,,,unknown,,349.0,6.8,7.8,47.6,2.13,,https://images.openfoodfacts.org/images/products/000/100/201/3444/front_fr.3.400.jpg,1774544786
1003294800,http://world-en.openfoodfacts.org/product/0001003294800/chili-con-carne-riz-et-paprika,1711376916,CHILI CON CARNE RIZ ET PAPRIKA,,300 g,,,,en:nutriscore,,en:fr,,,,unknown,,87.0,0.8,2.2,5.0,0.61,,https://images.openfoodfacts.org/images/products/000/100/329/4800/front_fr.3.400.jpg,1774544817
11160,http://world-en.openfoodfacts.org/product/00011160/aperitif-chevre-romarin,1568534040,Aperitif chèvre romarin,,,,,,,,en:fr,,,,unknown,,,,,,,,https://images.openfoodfacts.org/images/products/000/000/001/1160/front_fr.3.400.jpg,1728041885
123839002,http://world-en.openfoodfacts.org/product/0000123839002/pringlets-sour-onion,1641563460,Pringlets sour onion,,,,Pringlets,,,,en:Ireland,,,71.0g,unknown,,535.211267605634,32.3943661971831,,4.22535211267606,,,https://images.openfoodfacts.org/images/products/000/012/383/9002/front_en.3.400.jpg,1775141793
1002423881,http://world-en.openfoodfacts.org/product/0001002423881/ketchup,1686825252,Ketchup,,,,,en:ketchup,,,en:fr,,,,d,,94.0,0.1,18.0,1.2,2.2,Ketchup,https://images.openfoodfacts.org/images/products/000/100/242/3881/front_fr.3.400.jpg,1774544797
975180466,http://world-en.openfoodfacts.org/product/0000975180466/argento-colloidale-ionico,1656774988,Argento colloidale ionico,,,,,,,,en:it,,,,unknown,,52.0,70.0,0.0,5.0,12.0,,https://images.openfoodfacts.org/images/products/000/097/518/0466/front_it.3.400.jpg,1774922567
202300154,http://world-en.openfoodfacts.org/product/0000202300154/100-orange-juice-pulp-free-simply-orange,1731089963,100% orange juice pulp free,,,,Simply Orange,Juice,,,en:United States,,,0g,unknown,,,,,,,Juice,,1731089963
327019013,http://world-en.openfoodfacts.org/product/0000327019013/vinaigre-de-cidre-carrefour-bio,1606646253,Vinaigre de cidre,,,,Carrefour Bio,"Condiments, Vinaigres, Vinaigres de cidre",Bio,,en:france,Carrefour,,,not-applicable,2.0,,,,,,Cider vinegars,,1728359215
9089,http://world-en.openfoodfacts.org/product/00009089/power-pack,1683553587,Power pack,,,,,,,,en:Ireland,,,1.0g,unknown,,500.0,34.0,,26.0,,,,1775141763
108522603,http://world-en.openfoodfacts.org/product/0000108522603/spirulina-ivarsson,1644339134,Spirulina,,500g,,Ivarsson,"Nahrungsergänzungsmittel, Spirulina",,,en:germany,,,,not-applicable,,,,,,,Spirulina,,1728041699
16261,http://world-en.openfoodfacts.org/product/00016261/boereworse-with-bacon-broccoli-and-colliflower-fitfood4u,1759681136,Boereworse With Bacon Broccoli And Colliflower,,,,FitFood4U,,,,en:South Africa,,,305 g,unknown,,,,,,,,,1759681136
354999181,http://world-en.openfoodfacts.org/product/0000354999181/whey-based-superfood-nutrion-shake,1661980534,Whey based superfood nutrion shake,,,,,,,,en:us,,,,unknown,,,,,,,,https://images.openfoodfacts.org/images/products/000/035/499/9181/front_en.3.400.jpg,1728050013
1005480219,http://world-en.openfoodfacts.org/product/0001005480219/limonade-pomme-bio,1764414844,Limonade Pomme Bio,,,,,,,,en:fr,,,,unknown,,26.29063,0.0,5.8,0.0,0.0,,https://images.openfoodfacts.org/images/products/000/100/548/0219/front_fr.3.400.jpg,1774558116
1001661905,http://world-en.openfoodfacts.org/product/0001001661905/confiture-fruits-de-bois-zuegg,1665745599,Confiture fruits de bois,,,,Zuegg,,Sans gluten,,en:fr,,,,unknown,,156.0,0.0,35.0,0.0,,,https://images.openfoodfacts.org/images/products/000/100/166/1905/front_fr.3.400.jpg,1774544772
100051707,http://world-en.openfoodfacts.org/product/0000100051707/nouilles-vietnamiennes-boeuf-knorr,1642508263,Nouilles vietnamiennes bœuf,,,,Knorr,,,,en:Ireland,,,410.0g,unknown,,50.2439024390244,0.268292688741917,,0.292682938459443,,,https://images.openfoodfacts.org/images/products/000/010/005/1707/front_en.3.400.jpg,1775141781
750008440,http://world-en.openfoodfacts.org/product/0000750008440/oatmeal-raisin-cookie,1658269892,Oatmeal Raisin Cookie,,4.0 oz,,,,,,en:us,,,,unknown,,,,,,,,https://images.openfoodfacts.org/images/products/000/075/000/8440/front_en.3.400.jpg,1728056333
2350,http://world-en.openfoodfacts.org/product/00002350/cotylus,1750415800,Cotylus,,,,,,,,en:france,,,,unknown,,,,,,,,,1750415800
10738,http://world-en.openfoodfacts.org/product/00010738/paella-bofrost,1694698590,Paella,,750g,,BOFROST,,,,en:germany,,,375.0g,unknown,,121.0,3.70000004768372,2.0,6.5,1.2,,,1774549346
1001899937,http://world-en.openfoodfacts.org/product/0001001899937/peanut-better,1674399156,Peanut  Better,,,,,en:peanut-butters,,,en:fr,,,,c,,643.0,53.0,7.2,25.0,0.9,Peanut butters,https://images.openfoodfacts.org/images/products/000/100/189/9937/front_fr.3.400.jpg,1774544784
653334736,http://world-en.openfoodfacts.org/product/0000653334736/trader-joe-s-vegan-pepperoni,1709867915,Trader Joe’s Vegan Pepperoni,,,,Trader Joe’s,,en:vegan,,us,,,30.0g,unknown,,,,,,,,https://images.openfoodfacts.org/images/products/000/065/333/4736/front_en.3.400.jpg,1709868597
2000000899,http://world-en.openfoodfacts.org/product/0002000000899/dessert-vegetal-au-riz-de-camargue,1652531136,Dessert vegetal au riz de camargue,,,,,,Bio,,en:fr,,,,unknown,,134.0,6.7,14.0,1.3,3.0,,https://images.openfoodfacts.org/images/products/000/200/000/0899/front_fr.7.400.jpg,1774500579
1720000004,http://world-en.openfoodfacts.org/product/0001720000004/algarroba-cruda,1578152796,Algarroba cruda,,,,,,"Ecológico, Vegetariano, Ecológico UE, Sin gluten, Vegano, Sin azúcares añadidos, Sin lactosa",,en:spain,,,,unknown,,303.0,0.34000000357628,31.110000610352,4.9400000572205,0.062,,https://images.openfoodfacts.org/images/products/000/172/000/0004/front_es.18.400.jpg,1774647745
800100110,http://world-en.openfoodfacts.org/product/0000800100110/olive-nere-pate,1655839134,Olive nere pate',,,,,,Senza conservanti,,en:it,,,,unknown,,269.0,23.2,0.3,13.7,1.2,,https://images.openfoodfacts.org/images/products/000/080/010/0110/front_it.3.400.jpg,1774922687
4992,http://world-en.openfoodfacts.org/product/00004992/wormwood-black-walnut-cloves-vivonu,1779151258,Wormwood Black Walnut Cloves,,,,Vivonu,,,,en:united-states,,"Black Walnut Hulls, Wormwood, Clove Bud, Pumpkin Seed, Garlic, Oregano",3g,unknown,,,,,,,,https://images.openfoodfacts.org/images/products/000/000/000/4992/front_en.6.400.jpg,1779151294
10801,http://world-en.openfoodfacts.org/product/00010801/blend-italien,1573984772,Blend italien,,,,,,,,en:fr,,,,unknown,,,,,,,,https://images.openfoodfacts.org/images/products/000/000/001/0801/front_fr.3.400.jpg,1728036363
1090,http://world-en.openfoodfacts.org/product/00001090/organic-corn-scratch-and-peck-feeds,1650573743,Organic Corn,,,,Scratch And Peck Feeds,,"Organic, No GMOs, Non GMO project",,"en:ca, World",,,,unknown,,120.0,0.0,5.0,0.0,0.0,,https://images.openfoodfacts.org/images/products/000/000/000/1090/front_fr.3.400.jpg,1775059305
282374463,http://world-en.openfoodfacts.org/product/0000282374463/aubergine-edek,1756105272,Aubergine,,,,Edek,,,,en:germany,,,,unknown,,,,,,,,https://images.openfoodfacts.org/images/products/000/028/237/4463/front_de.3.400.jpg,1756105273
742561968,http://world-en.openfoodfacts.org/product/0000742561968/oeuf,1724452419,Oeuf,,,,,"en:eggs,en:fresh-eggs,en:chicken-eggs",,,us,,,116.0g,unknown,,,,,,,Fresh eggs,,1762550070
1001910016,http://world-en.openfoodfacts.org/product/0001001910016/ananas-peles-en-morceaux-deshydrate,1689618750,Ananas pelés en morceaux déshydraté,,,,,,,,en:fr,,,,unknown,,280.0,5.0,52.0,2.0,15.0,,https://images.openfoodfacts.org/images/products/000/100/191/0016/front_fr.3.400.jpg,1774544784
1411310187,http://world-en.openfoodfacts.org/product/0001411310187/no-salt-pistachios-paramount-farms,1489071145,No Salt Pistachios,,,,Paramount Farms,,,,United States,,Pistachios.,30 g (0.5 cup),unknown,,,,,,,,,1728036799
1001971226,http://world-en.openfoodfacts.org/product/0001001971226/oreo-milka,1674828844,Oreo,,,,Milka,,,,en:fr,,,,unknown,,,,,,,,https://images.openfoodfacts.org/images/products/000/100/197/1226/front_fr.3.400.jpg,1728041124
125,http://world-en.openfoodfacts.org/product/00000125/calcium-magnesium-zinc-weightworld,1665509497,Calcium Magnesium Zinc,,,,WeightWorld,,en:vegan,,en:Ireland,,,1 g,unknown,,,,,,,,https://images.openfoodfacts.org/images/products/invalid/front_en.7.400.jpg,1734082743
983833411,http://world-en.openfoodfacts.org/product/0000983833411/pralina-al-pistacchio,1654680139,Pralina al pistacchio,,,,,,,,en:it,,,,unknown,,545.0,40.0,2.4,30.0,0.52,,https://images.openfoodfacts.org/images/products/000/098/383/3411/front_it.3.400.jpg,1774922519
977827043,http://world-en.openfoodfacts.org/product/0000977827043/perfect-cream-pistacchio,1613507005,Perfect cream pistacchio,,,,,,,,en:it,,,,unknown,,,,,,,,https://images.openfoodfacts.org/images/products/000/097/782/7043/front_it.6.400.jpg,1728028665
1121308762,http://world-en.openfoodfacts.org/product/0001121308762/texas-toast-garlic,1587647284,"Texas toast, garlic",,,,,,,,United States,,"Bread made with: enriched wheat flour (wheat flour, malted barley flour, niacin (vitamin b3), iron, thiamine mononitrate (vitamin b1), riboflavin (vitamin b2), folic acid), water, interesterified soybean oil, dextrose, salt, yeast, dough conditioner (wheat flour, dextrose, datem, monodiglycerides, calcium salts, ascorbic acid, azodicarbonamide, l-cysteine hydrochloride and fungal amylase), vital wheat gluten, gluten modifier (calcium sulfate, vegetable powder). spread made with: interesterified soybean oil, water, butter (cream, salt), garlic powder, garlic blend (garlic, salt, sugar, onion), salt, onion powder, mono & diglyceride, natural butter flavor, annatto.",1 SLICE (50 g),unknown,4.0,,,,,,,,1728036428
2423,http://world-en.openfoodfacts.org/product/00002423/vegetarian-spaghetti-bolognaise-lite-n-easy,1636112336,Vegetarian spaghetti bolognaise,,,,Lite n easy,,,,en:Ireland,,,385.0g,unknown,,104.415584415584,1.1428571676279,3.58441563395711,6.18181798365209,,,,1775141844
981518463,http://world-en.openfoodfacts.org/product/0000981518463/eaa-amino-integratore-alimentare-300g,1654707418,Eaa amino integratore alimentare 300g,,,,,,Senza glutine,,en:it,,,,unknown,,309.0,0.0,53.0,6.0,,,https://images.openfoodfacts.org/images/products/000/098/151/8463/front_it.3.400.jpg,1774922532
1661,http://world-en.openfoodfacts.org/product/00001661/mct-oil-anjou,1533764500,MCT Oil,,,,Anjou,,en:vegan,,United States,,,1 T,unknown,,,,,,,,https://images.openfoodfacts.org/images/products/000/000/000/1661/front_en.3.400.jpg,1728035100
380102080,http://world-en.openfoodfacts.org/product/0000380102080/isalean,1658499959,Isalean,,826 g,,,,,,en:ca,,,,unknown,,389.83050847458,10.169491525424,10.169491525424,40.677966101695,0.76271186440678,,https://images.openfoodfacts.org/images/products/000/038/010/2080/front_fr.3.400.jpg,1775067596
1011002011,http://world-en.openfoodfacts.org/product/0001011002011/fibravit,1652370386,Fibravit,,,,,,"Senza glutine, Senza lattosio",,en:it,,,,unknown,,268.0,0.7,1.6,26.0,0.2,,https://images.openfoodfacts.org/images/products/000/101/100/2011/front_it.3.400.jpg,1774922601
850600108,http://world-en.openfoodfacts.org/product/0000850600108/raw-shrimp-maxfield,1489090279,Raw Shrimp,,85 g,,Maxfield,,,,United States,,"SHRIMP SALT, SODIUM PHOSPHATE (TO RETAIN MOISTURE)",85g,b,,,,,,,Null,,1740179862
128150033,http://world-en.openfoodfacts.org/product/0000128150033/energy-bar-brownie-clifs,1660328064,Energy bar brownie,,,,Clifs,,,,us,,,1.0g,unknown,,,,,,,,https://images.openfoodfacts.org/images/products/000/012/815/0033/front_en.3.400.jpg,1728042453
983301033,http://world-en.openfoodfacts.org/product/0000983301033/riso-basmati-suzi-wan,1646304773,Riso basmati suzi wan,,,,,,Senza glutine,,en:it,,,,unknown,,361.0,2.6,2.4,21.0,1.5,,https://images.openfoodfacts.org/images/products/000/098/330/1033/front_it.3.400.jpg,1774922524
1003384183,http://world-en.openfoodfacts.org/product/0001003384183/haricots-mijotes-facon-cassoulet-au-canard,1715696662,Haricots mijotés façon cassoulet au canard,,,,,,,,en:fr,,,,unknown,,160.0,8.3,0.6,11.0,0.82,,https://images.openfoodfacts.org/images/products/000/100/338/4183/front_fr.3.400.jpg,1774544822
